ShipID,lon,lat,dateGenerated
0xe1d0f52b9e58cc015eeb0ff6f4da647eab8fc5e1,113.608903,22.994717,1/26/2019
0x99f9292cea5c54851630ebe3c0e53f27f021527a,11.4878714,6.0849674,2/18/2020
0x83c3c8bb25d31b16016ef7b643587da62597a3f6,109.1463836,-0.3052095,1/27/2022
0xd68256692745dfe303a004b8fbd89d9a0ea0998d,5.3223461,60.392798,7/29/2021
0x3eed38bbaf4360cea7de2584b9f3e82f3c128bca,37.6243984,55.7213148,7/27/2019
0x5f0ba958281f8822b09534c89a78bee978eaf701,124.9703005,10.3547319,8/2/2019
0x739f17959d17c1b3d4e3fd1b6ae58b469ef7b921,96.8217017,-12.1450486,2/8/2021
0xbde69d496d32fd0a07aefbb048d1172970105a23,4.3603508,49.2958555,6/30/2020
0xa4ad9b8be4b6a638be291efd232373a8f5c1d502,109.1315198,-7.5893786,8/12/2020
0x95948dee6746da407a1bb37e9d3ef71af41522d5,19.0735581,43.5571062,12/13/2021
0xaea1060dc1c1ec3b8955b75316df00c042990aa1,99.2037508,1.1704451,9/9/2019
0x537d4044d00529530491154ae99f9a2a770f3688,-80.5549561,8.2301756,9/28/2021
0x939818e338d6f9aeb8eef7f0c5b49b745ae99471,-78.654646,-1.6635508,10/16/2019
0xf19de3652c51746e40eb20c3b6169e89d77fe662,-70.017471,-17.543301,4/19/2021
0xf7517dd1b267fda3b39fbcbac8c16cc1fc712766,116.0761121,5.9840985,11/16/2021
0x1995b7bc35eab5487b9985a7f486f0d43c7f24e4,84.9077645,56.5948706,7/24/2020
0x38678b055018268d9e41157e7a1dcb650fefb3d0,11.9253004,57.6455018,8/10/2020
0xd5252b4d3a566a3e4ce6b73f4bc47a51533a05e0,116.4559849,39.9317949,4/20/2020
0xaa40432abb0397c35657618ffac7135f82331674,117.9249002,35.8939566,9/6/2021
0x7d2de40158e03069d3fa5a6d837c203d3a26ca87,33.3032699,47.3211543,8/12/2020
0xc7524288bd9365d6ee57cfcc57790ba0a4c4d2f0,-75.5655147,-11.3442564,6/3/2020
0xe6e86e65f0b9614379f38b9b55a46306701e3ac2,26.5019976,-18.3558779,11/29/2020
0x08b15f8ec0ad196ea8df444db7466f7fe7e30ffe,113.28303,39.574695,7/23/2020
0x4189b00b36b943c8b2b2c79c17443306fd5b8f1d,-77.63,43.15,8/25/2019
0x2092a4a278cf934c70c4c0b2cb26c2004561c410,125.5110513,3.5233855,7/13/2020
0x6b8ba98b444286d7957accc71c37a4e2e89c41cc,115.865746,34.393136,2/14/2022
0x87553079edbce4c5560fe609ddb23c99ba04c866,122.9635773,10.5423489,6/26/2021
0xd6ee7b72426e722de995d3158277ceedc2eac187,98.9989307,18.7744983,1/13/2019
0x52cde0b2e4813ac3a2c2eb53fb36453de15d1d0a,33.2971034,54.9137734,7/8/2020
0xe45ef62eda8b9a1d5919b2861522f5966c44c36f,100.4424658,14.4980456,12/8/2021
0x9f6f481c497d8a35bcf85b7a1970f58b5df29a72,115.725833,38.235892,6/15/2019
0x9ee119e1ff83a407b563758bcde3b915231b47ed,131.0471926,31.6173469,7/29/2021
0x7827678b69d456a13ffdd498dd4ad557618f4ba9,97.1467072,4.7631119,4/2/2020
0xb032061a6a9d5128a6d20c0bdf4b02e580a51f3d,36.73828,36.56253,3/17/2021
0xf3a03715ecb316d38dfb5cbc009e99a8a2f7e37d,3.7264439,43.7786945,11/24/2019
0xeefefc7100e4021565f996091054e3d3b189fdc3,46.638308,41.603085,11/29/2020
0x00f68cb593f31a6a4e63af00c29bdbda0d6876b8,110.401814,18.714928,4/7/2019
0x3f577ffea27468186e5d1c152402c463c76b429c,-70.05478,-15.7451604,11/17/2019
0x6932392c5a798c6bb342415aa5ab5b3eeb7fbc6f,124.0585732,-9.9851249,7/5/2019
0x02337296832aebf6cf6c1c20494a52a75b7304d3,-149.5584758,-17.5516251,4/17/2019
0xf4234b839175b2e942dad1629cb8a08c3bb94fa1,135.6964987,34.3507417,7/14/2020
0xd850ca3297eb3a7e936ae4101f511796b4ac540b,-48.5316897,-21.2846176,7/15/2019
0x99bb0a76d4ca3e8e5933c1a0e5000d120466110f,111.600795,25.526437,8/15/2021
0x33d2d0a9ec9f0192a0bbe48c59aa362147c0eaf6,44.8236089,41.2404491,1/9/2022
0x390b4bbd4d0687face454ae872eeeaef44032a1c,-74.886835,5.199505,9/24/2021
0x551748c79b21232d79386d4320d7de0a716098a5,120.5624474,24.0288453,8/29/2021
0xffac852172297c5edb18dae85060086304a04893,10.4705682,1.5837191,9/19/2019
0x2226ee1fc568e99ab220151df640ad93c6bb53a4,90.1869644,23.2393346,10/15/2021
0x1bb6e8d11996e1f742e9c74fdd88914e5757d881,104.167501,31.12678,11/1/2020
0x577c4f9c7bd31fb72bce6e3dd6c5a70a84473a0e,121.0589081,14.7596318,11/16/2021
0x7afb91fd19d70575308e42916201067f3265b286,14.297845,50.5624395,7/29/2020
0xd001cc0ce1927693bbf3b4b03e41322a4bb824c9,33.10753,57.14667,3/11/2021
0xcd69bb5114ccc72bd04df2f1a3ff3dc2496bc054,-5.7234007,29.8257743,9/29/2020
0xea186696bc5618d552c9688d86b67734b41bb51f,105.6257432,19.1414862,3/11/2022
0xbc3e02af238985e47075edfb7a5641048a08a14b,39.9972,51.0846,8/27/2019
0xb75adbbc44e9728969b1f430f5a46013d73ab1bc,13.2886723,50.4919489,12/10/2021
0xf043e7b3a55902f1d81ed9d1b6664c95aa71e5fd,-106.4181775,31.6749725,2/2/2021
0xc1820be217c5c0f1a33686f469de6a69b7ffdad5,31.3156748,47.9114733,1/12/2021
0x4a165caebb2f63050c6b79e48460c40496214a75,-70.5972179,-32.8337995,8/29/2019
0x664f1f0d2d2dccc525dde1702daf1670e0dafef9,104.559168,32.562824,5/30/2021
0x148dc7c8f19a29d5aaf7f1cfa81c52707c85706f,-77.2347674,-12.0782503,10/27/2019
0x90c9994a591a623bb2c6a7a3b02eb87187b46d32,113.1882767,22.6085156,8/23/2019
0x7c17c7c42588a14a160629c0818710dd8801494f,21.6671416,50.216501,9/5/2021
0xcc3886fcb126bfdaa2c7954f145574419ad10ed5,-91.7660525,17.7409147,5/29/2020
0x456c12b5207bcddebaa93d1fc6d5f1f7673807e8,117.4132,-8.4788,3/27/2019
0x470581755381fb972545194ae68579ec88c54009,-16.6409198,13.2747943,12/25/2021
0x598de127d616754d47554d47615771b65e5fde2e,117.323725,34.810487,6/7/2021
0xc4c2642d8f7fb2ab3808f622941fa8f6a95c4696,15.0353001,58.5469521,10/16/2019
0xcc85bdd1a39ecee62c8b7944cad7e86b1501d018,8.5919561,12.0021794,6/7/2021
0x4388bafb4cbf9e077edcacfb3426d990f3be03d1,89.498216,29.131627,12/14/2019
0x51d7a3da236dca723f7f3e2621b039bde0439eee,-74.269383,10.611793,5/2/2019
0x3424e797b7ce769607eafb4b12b9b71cda94047d,11.0824912,11.7072355,9/8/2021
0x9575a0a843ce4f0e34b7ad663f151a10a3e94ba8,104.655337,34.995728,3/31/2020
0x150a2742c0bb49294135f9497b5ff061e6a3827e,109.10459,21.48402,6/25/2021
0x495dbd80fe41e9bedf522bf7c026a50078c369e2,-37.0530033,-10.5102117,6/27/2021
0x70e065caa54b81c105ed7aa243da5b595390bc98,-88.0350859,15.5724296,7/10/2019
0x0c4ba8ec890f7d06ca544d87409bee850e4a47e9,112.9565196,-6.8973394,3/7/2022
0x44ff4a62856a8970aeda573b13eb3ee45997ead1,12.9929582,56.2507818,5/10/2019
0xddc479ce18d1d257151a7a3d4cc14670be2ba276,116.6435436,-8.5373782,12/27/2020
0xdea6e341a4ba350c44a458497e7c0df8d1e77544,-175.21333,-21.15216,12/10/2019
0xb6a77b35bb2aef64faeffef77acb54c0d866ae2e,127.9179732,26.5153766,11/8/2019
0xee470d8973a973b15baa25be3c9a25380a694264,1.4974024,43.470556,9/4/2020
0xa2016005926e148065712ab16acb4db6d3174e1d,39.0450242,15.0712647,9/12/2021
0x60bceded16974b532a9082ec53cc3b5bad16b19e,121.1174238,30.1787074,5/12/2021
0xd7df1582151408bc6264037851b1c832f1adb55e,19.6371484,40.536014,2/11/2022
0xa7a09591910ce19093fa4468859b96bc3869b8e3,129.543632,46.344514,9/22/2019
0xe18ea263a48121faea6e1042ec734ae994001f49,111.540868,-6.6772938,3/17/2021
0x5c53971ea61f9166d5a6a214b9255817ad4fba97,-75.128872,8.662577,4/30/2019
0x8e508465a84afc66b4d3b9154e2cbe083adeddf7,106.628299,-6.352044,12/31/2019
0x3dd758f8ba9b930a0dc6c8fb8c62075dc8d9960e,17.3898527,48.9855573,3/23/2020
0xcc13c59ac6dcd8f1cc1f3f59782ab16cada80986,89.841983,29.230933,11/29/2019
0xd127a93ba3b8ce5c884179123fcacaad5e9b2fc0,63.1128326,52.9718428,3/6/2021
0x67e359359cf4a4a3a8e21b0c201dd95c20785b53,2.3306851,48.9268168,2/22/2022
0x1e5a6ad107750a4c8f2cd2d04517d998df4d7cb4,111.7301652,-7.0219756,6/8/2021
0xedf9ed5aef68684845207cd4aa8ac1afd980a315,134.9696,-3.9389,6/22/2021
0x540280347a3e00c2e3e924feec1488d86b7c8e7c,39.5359498,47.2320539,2/28/2020
0x9271ea49e275a14f073096bb20fb0918922a7a25,115.636717,30.83537,7/12/2020
0x3f6f8b2f0009650bbedf1151c8f49921f22db26c,71.17852,34.3296,3/4/2020
0x457470f27a0a2982c3fbaa98cf6190b09e01b474,108.5693704,-7.3552614,10/21/2020
0x9980dbd14c81191c37b335728b1ed6860ed143a9,-38.7891606,-12.7732,1/16/2019
0xbb7e582e395c831c19edeb01fb0a6545ce524c13,109.362302,28.378946,6/11/2020
0xd1d4add850cc58ac4c48db47fd38ed71ada79a2a,-28.2131879,38.6839843,7/4/2020
0x358f2ef8df5c432b426d99f336ff919aceae3356,29.9874438,55.4618616,8/1/2019
0xe245b5e9975cc43418b5a36fd10f2203ec7013d3,22.5843667,38.4800003,2/7/2021
0x1a75c46f7faacb62102a21926bbbc83a69067918,108.50387,28.563927,6/30/2020
0xb58f78f911151c4ea2f8581eab7c751800a2f4d3,35.9190561,57.6044065,6/20/2020
0x26d669983f45e06207f14364973883d895d8ef37,-58.4059227,-16.3753091,4/7/2019
0xcc8a23a8138d5b54dba3c33f1c2f09d1dda9e20e,-99.1082647,19.4449916,2/9/2022
0x0993465d91a2d0afd05e71799375b0b0145a14da,139.8048354,37.2629988,2/10/2022
0xe1a71978d8aa0c2a4d2941d1597dd68a09b4afc7,33.1662988,48.5059863,2/11/2022
0x12823822c9856fe3f9049b762e0ce02cae1d4676,96.0785104,19.7633057,11/27/2020
0x6842e2719126e7a847efae55b434d2646f7006ae,-78.016667,-6.6,4/10/2019
0xc951fcf4fcf859d91c6dfb39016b3ab0cb6f27aa,5.3446343,60.3560649,9/24/2020
0x20248d805fc1003f3f10645afd88507150405d2c,99.9541293,13.5167584,4/22/2019
0xf81dafd3dc4b4bba153255b3d5ee25d04984115f,112.199427,31.035395,5/2/2021
0x78d08faf6302a1fd55500485bc363c32a212c3e1,9.3215345,4.682198,1/27/2020
0x1053a93e326a86a842a004fd0e5ecbeea3784898,34.6523446,48.5006149,4/13/2019
0x7daf5fdd25997d7900f0ba5df61cfb263a39288e,-91.5850599,14.5791223,8/27/2021
0x90989b646bce05ac24e364909aa5a719f1425940,3.003076,50.483457,3/5/2019
0x24e5a919b85b0c6e0629470c519931de4e23073c,123.9089906,9.6233133,10/9/2019
0x7eebf1f22a3e715bce8b7c0e480f5a37deca8224,2.2335234,48.8834605,3/14/2021
0xd33c888b9ecc18e4c0bf62fda4bfe5577ae424e6,-69.880879,-37.052608,9/9/2021
0x3d0a95ed038245a62c98d4ff3910870ee87c4a26,127.4241436,37.7404063,11/20/2019
0x4b987c4bc9fa49e2f94ebd18106692b6800f9893,114.684014,38.343295,3/28/2019
0xe9b5b841d39fbbaabb007d2a0a230a0c7c1256f6,14.220356,36.041695,3/17/2022
0x22661422a48f19f6f39a7c2f43d997015f01c3fb,13.5610451,-12.3757287,10/27/2019
0x6e18f6cff98644f99b44ff2d4d23b89421796b15,-61.5471829,10.701232,3/19/2019
0x0b57a198fd4018c7264032ff404739ee730905a8,-68.7400523,-32.9576242,7/3/2019
0x65ecf1eb1a63173b45e7406b69d561b53e2a1751,122.243444,43.65289,4/22/2020
0x835d657d4a41edf52c75ac99e4cdcea9c38874e6,114.35056,38.822691,2/1/2019
0x17810ccb534e929602eb707fd73d5cee15e3789f,-39.2791011,-7.3811967,8/11/2021
0xc3bd51bf7486048a6aab1283c8418067df8c9bb3,117.3959673,-8.5248669,9/16/2019
0xab3fc630f714d8826f6aae8128fbc86f353bfaa9,111.9671537,-6.7905128,12/29/2020
0xd48d5891182b818cbc3c3906a5a4c3ebfb7a753e,20.3076276,42.5448774,6/7/2020
0xb2dc08a754c499a21a0acd2669a55ef13bd881c7,123.5403713,13.724167,1/16/2020
0x16b69ac616e84f8c407febff5d78594210750587,73.7008274,31.4840951,5/24/2019
0x25cce6860f479d95ac07d7acb5de1063762d51e0,19.2782681,52.3346733,9/14/2019
0x55e7a60be2557a9e72f583f42ab9221936c6dbef,58.026708,23.303506,5/9/2021
0x99b4546064de0547fa5cdd9c14985117fa272b4f,20.62333,41.16417,4/8/2020
0x541ac8fe77a271a6b558404e518350badf885bdc,114.562955,24.364134,12/3/2020
0x3d7574fe37b1396baa1ecad73214d1cae47d0023,31.6968796,59.1284714,12/21/2021
0xba76948923540667102e51be167c9ba5cea8e6e3,120.467,17.9333,4/15/2020
0x3c826763fbda7cb9e3502b66b690b73d756e1196,39.9170354,8.8994875,1/3/2022
0x9d64e32a9ef72ce389833d8106a0746db5045212,112.6079459,-8.197451,7/26/2019
0xfb87eeb88dc638fb59e35115355a284ac08fcf9e,16.2345633,-2.1587078,1/8/2020
0x20169dd95aebd2b05bcbb2ac0bf061008aa17613,16.9181532,-3.0166752,11/14/2019
0xc6c09fd570965b35590434eeef39b3c2f928341c,107.803911,30.674362,1/28/2020
0x835ca8b6f467b9364389df842de755dda720c0d0,124.509,9.7922,6/6/2019
0x816ba547b49788d492f0d9d2cb91eb0d26947105,112.235945,24.561134,1/29/2019
0xd55a113f60cdb72b19deb34be87b87b28461c17e,103.359019,34.682497,11/8/2019
0x6d2c1e845f9d000c25b4f39b2d6f08f42fc72164,72.7017794,30.5383808,7/17/2020
0x70ccdad368cee4cc55d8858475927825ad00a0ee,19.3633201,50.62508,11/16/2021
0xfc0cbcc788b68c740e854e35a78ab2a7daa39d05,93.074702,29.046337,5/31/2021
0x838cb6f9600fdd4e9a07784a94ad36339b343d69,113.2037131,-7.7764226,12/11/2019
0xb8a43d4dd830fc398b88bc1db13c02d8c7299060,-54.2673083,-28.3006117,2/18/2019
0xb3f48631251798eaf8e1dce55b584c3c021f5772,12.6058056,55.6745195,8/30/2020
0xcf43b8405fcb01e989e133e16dc36f97c62b0454,122.093267,37.020948,8/11/2020
0xc7087443fac46375fb3e16fc102ff5e2ca5dea3d,6.1360677,49.6556075,8/10/2020
0x3dce6f44d3843f5feddd4dedcb7c845bf4191641,73.8784471,53.778695,11/4/2020
0x2462418963f0798687a3eb6bb12f6d76ea57b375,13.5973884,55.3964727,10/18/2020
0x18ca8820e1f7e7bb5df3a620284167149c09d45f,20.6937448,49.8799472,3/9/2021
0x0be703c4dea904f3a45145fff5ee43a858e0366e,106.8190806,-6.2038486,2/7/2021
0xdbf3e9f186a060ffddc427e81ddb1356f646697f,-44.6254642,-18.3591857,9/16/2019
0xc33027c19598a08cc5fc5270986afd55605f2c33,117.3616476,39.3433574,8/30/2019
0x6c59f7083a7a7f3679e725cf924b852f01f2ec77,-7.9617993,40.4369802,5/31/2020
0x485c0272dce17b97082f78373f5c6c75943fd842,23.3256027,61.722009,4/4/2020
0xf37285b72d48b0e9752f72a6e1572416c1f5b804,102.969002,-1.079239,7/12/2021
0x57ac042868c96cdff6e7724c736e5eb449445ef1,100.5858786,-0.8808728,9/21/2021
0xbaf327866e631180813754da3d94cb92e1fe264c,18.3427724,59.4015532,12/11/2020
0xe1adbb509a6da479640a58a2950abbaadeea3148,25.8438146,65.0344464,3/27/2021
0xd955227857f1620d5cf0feb788a6f3e15dccf65b,-51.6639768,-23.2400211,12/15/2019
0x1b720c448c7a315f2beb68ef27591c1ca28cc344,115.761018,23.923594,5/1/2019
0xaa05e0adc08f9c5df593b79a4f9c534b4a9618ab,113.625328,34.746611,4/14/2021
0x3c8646823003704cb5c737bb1d5a12f8814512c5,18.1508117,49.8575338,9/12/2019
0x39aef2d4084c8e9206d6d9acb0d510802d2be106,104.5655273,12.1392352,1/16/2022
0x5202ee22ae0ea3503361adb923a6b56878b95183,14.8386368,45.9536011,10/7/2020
0xfe8b8f2769e844bda41290b244b20ada35e29cc8,20.1879106,32.0947711,12/11/2019
0x01ddcdb73a649364b0ac51ed02a793ca68c35ca3,114.362379,33.006729,11/17/2020
0x24d9e1708e08e3fd19f04b32cad93fd022d51897,114.0369075,-8.557437,3/11/2022
0xd63091a275510f284c3cab1e6d3f98b580be9a98,121.0298199,14.5672317,11/6/2021
0x8304da7b16f82a3976175b1ac469834e5fe8fe7b,128.043465,45.950582,6/12/2021
0xb6ccfd4f7355432a950d8e587d1430fb739ec4c0,140.3559256,36.3450691,9/6/2020
0x54a21d75d25fac74149879bf76934a2f70956843,19.9186389,49.7371648,5/28/2019
0xfb4188f138778eb3a478c92bcf99ad2994f9ac3e,-70.7168469,6.9433577,12/26/2019
0x712127f123fd680b0665ef5bfb61c95365d50b3b,45.2009362,31.5255021,6/29/2021
0xafb7ed42cfed54e8cf6e39c634d6e0b19b638c58,35.253304,-16.9205934,6/17/2021
0x923e2279dfde1e683ad809183833c14714a0d53a,112.3337769,-7.1269261,1/4/2020
0x84e817ce251eff38d9dfab1ba7477319b1d1337c,27.8370041,-31.312988,11/11/2020
0xb377184752172517700560eac2142755716fce17,112.5394091,-7.938718,12/27/2020
0x532f9e6b429aceed116cd9ad7b0df783af5a4bcb,-76.13181,6.313861,6/26/2021
0xee549f2b4ed5d567959d268c6fc25db689fed369,43.763221,55.6027928,2/19/2019
0x1ad92f4aaebe8c8aedb7094a1e401d3b900e1450,112.989854,28.112525,6/15/2020
0xd08377e67eb7496fcc83c0795158701adf3c3c54,-56.6163213,-25.7605107,8/8/2021
0xfa0a7c797e4d0f76e9af9f53c9131c87aaa094e7,-6.2152673,53.3323703,3/24/2020
0x474cdb95547ab062805abc5876658678eddf02a0,38.6545257,48.0201627,3/2/2022
0x2147d3a246e308278c5a0324fba42c923523fed0,21.9326485,53.4077753,1/19/2021
0x82fdc42773fcc0e4454486b94c427b4d5bc41c42,-69.9959762,8.4362867,9/3/2021
0x840b1f0bc878141164f3a6bedcd2202929968569,116.420331,39.761892,12/29/2019
0x8111f6486b4bf034b2aa0d183b70e165b8fc6109,105.2662931,18.6967739,8/20/2021
0x7bf8612cac7623d9ba3426fac1e5ece9878ccab5,-77.072933,1.683061,10/10/2021
0xd70f92c5e86cf0d3a7f3b9618ea4d53c855f3842,123.0856,-8.3965,4/25/2021
0x4dfbcd0df4f342fe9a7b63b5f66a70de6df2224d,102.7834876,16.4656784,4/5/2021
0xe1880ed9e657824cb4673ddfa1f79373b0dcafee,121.0589081,14.7596318,5/13/2021
0xf6d8916260a1abf99b6f41b229897009fb409eaf,80.0472702,7.4700828,6/11/2021
0x0bad68fe407dc572730a22e6406baffb3189761c,-84.078434,9.955498,1/3/2022
0xfe197108e70a983eacd429e54d4df92f17ff7a5d,-39.7385835,-14.1349424,7/5/2021
0x41729be5bbc81eba446155794e9b2bf322331707,35.38711,32.23647,11/21/2021
0x6ba7f3d45652e62486eef820ef5ae6f92049d435,112.5677183,-6.9957759,7/8/2019
0x238b568c7a8029dc1a159317ab4e8a8ed8e8de22,20.526623,41.523117,10/9/2020
0x8331df6e3ad16b72751b20dcf6844f4e97328724,122.9580541,13.8266134,8/8/2021
0x538f2f95adabbc56c65eb29e49b9f62189e4128e,50.9907161,60.4563994,2/9/2019
0xeb7b32cafaa317fcb31ac0fdc8dd3a2e1cf645f6,13.2297698,49.1449758,7/12/2020
0x03ed9b2a9d04259c2d8711af9d6211cdc74445b7,67.1894488,41.6183527,5/13/2020
0x24bd4ab776efe5ad6d68ae743a04084266265f36,13.8583744,58.4755075,11/28/2021
0x1918301bb0a73c658ade10cdb448271ecc4d39ef,15.076898,44.4369429,3/7/2022
0xeb2d0201f564e3cb993d24ff3adca97bb8720994,21.9974055,49.8259726,11/5/2021
0x02d17a5d18f432e4e7d44827fdbec011b6bda12a,103.847692,1.283678,6/16/2021
0x815f3e0f8bab11077561689972a6b73e945913fa,123.18754,47.335654,11/24/2019
0xaaf7b215638955ae0d8f02dec63ab130115186aa,47.7834888,30.5081033,3/28/2020
0xa693a6937903ff1f8b34896b1f7bbdf0932135bb,36.1328132,35.3772103,6/19/2019
0xee98a1fee7403c6920a48e62b7abd5fb4569e743,-79.7119419,43.6368159,6/10/2019
0x1c0af094c72b0ed1043253a833e002ecec03febc,-46.7294577,-23.3233727,2/18/2020
0x4bad6497958eda8c8aadb3de24b8ab85d4b68915,-3.022273,47.666899,1/20/2019
0x07957a9ffd40dad051dab3cfb164552e4c9b2a3a,126.7107572,35.0160601,3/26/2021
0x7ca8bd7e26de81f774f811d636f0043e2bab85b7,108.2158,-7.3441,8/19/2020
0x21a52bdda297e436fca736b1e21241a574adfaf9,19.9809619,49.508379,2/1/2022
0x19345a7c17063fc3821a24c6279ab4674685cb0a,11.2580472,6.7205676,1/13/2019
0x64aa2710e881c50ecead12ed473a49e46962e438,116.3220944,39.8314629,4/13/2020
0x1d4d0c6cb678dbfd4e24fd96d67b06d23aec6476,99.541236,25.464681,1/11/2019
0xd938afa1d369fa2e26cf09b295cd0fea5d79aa68,106.8548083,-6.2291489,8/26/2019
0x40322418c55b0c4cd3ca28ba0ea2cf53679c2ce2,12.5605145,55.6717773,6/22/2021
0xd1fac1238d57cd34ec6e4f41fa72d3e81b69ffab,114.152999,22.285839,2/21/2020
0x5bc6a13fe41b00f4d780c9ee19531e22dd1951f7,91.8666667,49.1,12/19/2019
0x1cf8cd11dee0ba268b6c892fd9ebfb5099cd0bb9,-77.63,43.15,4/8/2020
0x6fb7b0f5573b33da6115ddef40a083d7fa91af60,-44.7267221,-17.5969817,11/24/2021
0xc9472b82b12f1c438951153fff5fb96e54c7abee,119.7942301,49.348096,8/23/2019
0x350f226dd871fbb6d7e0e4b526d05fd7f927bce7,94.43722,31.83889,12/18/2021
0xe5ebc425f8406f490b4a9e326a8f95b48c52b756,68.6767454,37.3520055,1/13/2019
0xa981c836532b29c2ac65b22bc9d3a02c2e5847d4,89.593967,44.022066,8/15/2019
0x63af4ff344665e47b4322516eb7d0c3144cbdea7,-70.3600393,18.2540705,12/10/2019
0x34a2062c38450ed4040446b33ed21098a1d57e3c,-122.6788535,45.5155832,9/8/2019
0x88a846313a47247083143b4a64dea7a6623178c2,117.078294,39.982718,9/2/2021
0xe23282614847ad0a244abda3cd1344dad0acd5b2,116.325077,39.8909584,12/20/2021
0x3b8590e18119a6e2b284d52632ea62a5c55ab7d8,116.2601315,-8.8229999,7/5/2019
0xcfaccff22d4a08f795bcb4f9f73e11b90e92af18,28.2969913,43.4169003,11/12/2019
0x3c5eedfcb0a0d7afeb4dc4d4925b1dee014f3ff7,21.4744125,62.4232512,9/30/2019
0x906ab60ae0a71a68f9d7e537affc4d1549158205,12.9355428,57.9760319,7/16/2019
0xa0181cee5cc0d0821626a76657027ecf56e8d268,28.0135008,53.7532734,5/19/2020
0xcd7ebc69594491c7e1405d2b5c02165b48a07c3b,-3.2030756,7.1302807,10/29/2019
0x7050193fa876d41441e1b28b8f1217527741086f,22.01667,39.33333,5/13/2020
0xcd9dfa90fc0db27fb5ac977c931fa953058df0a3,116.464983,23.913205,8/6/2019
0xd34821ba891d48b1fa5537b855c4cb91bb7f0593,-56.0249982,-16.9163431,9/1/2019
0x4a7247a8569ddc0279c08aef2ba12713311a5616,18.7713574,49.9636769,9/21/2019
0x267776be06fbaf2f050c7414fcfb5f39ff54f1f4,5.7043997,45.2544588,3/22/2020
0x9b79a762b579bbbebf9c58cac98879525ac6732b,17.8651957,59.2691081,6/22/2019
0xa947b86ea8fe1a6766b3d329d05a012fc365f659,-76.8836261,40.3208847,3/21/2022
0xd86088acc8dc819c6573c41e38816e1b4c7290ca,111.5170196,-6.8695345,11/28/2019
0x7bfb457c60ccc34eef6a2846dfa150d06764b2cb,1.5588851,45.1689858,7/15/2020
0x6ccd1e257f3700675692af974f4ec382ca81ea59,20.1476897,50.7392866,9/11/2020
0xb7ba3168003e5f9e496f93779675c6b125b6280a,107.7918964,35.2099034,8/15/2019
0x4e8e496f6b5947f0e0dfca418fb8155a7eb6409b,14.2963455,50.6471859,11/13/2021
0xb8e2dcdade84cb714f668cef3bf697fcdb7e8502,-123.0419607,49.2574664,9/21/2021
0xb9767611b32617b9cab9ec4103f869938432b534,141.3800956,38.4499141,3/13/2021
0x88961940e894b5af78c413ce3047149c2b3a4cd5,-8.6325611,41.2922523,10/28/2020
0x45cf54f6d7e752f5e8f1109a01f9d25c3f4e779f,-79.4154819,9.0592797,5/12/2020
0xfbe114306ebefa2dae99e335f56f96dd71667651,18.1864547,63.0097972,7/21/2021
0x9998b96a518a9d66e459abfefd5d6a1604dec446,-178.16551,-14.29034,4/17/2021
0xbf1a4145f3c5f0c59d6b0b587b1aa81296dd6c6e,34.97063,32.18966,5/19/2021
0x46d30145a01cad1f75a723713a6e0acd74698d56,107.237743,34.363184,2/4/2020
0xdcc42fdef72261ff523561bd25915d48b5cd5187,20.3413074,42.0764229,10/15/2019
0xd08ed6837d31c3ab9494d436e27264b6919b5031,13.613736,46.0531262,2/25/2019
0xe8642e6fb5d11949ba0204540ab35bc574f5f77c,-45.0584384,-22.1147688,6/23/2019
0x5ecb1f36a4f7dddf7d054ee4fc81fc91795ba5ec,-7.8169615,40.835835,12/15/2020
0x7124f9ddc8d434265784af2df1f09c2f6b6f6769,-3.1605843,53.3758568,10/21/2019
0xa5dd21cad67bc2310353b22670a476668165208c,83.23333,36.66667,8/3/2021
0x7a7f64a5f60fd4be4fd1789138d5dd30521ee083,16.4379653,46.3897383,4/14/2021
0x7a4572e999e87f63f67d8067c6a1a2d8a2bd0070,114.109497,22.396428,2/19/2021
0xedeb68d2a2cf6c6b00924cfcdc1ca56a84d7f96f,82.63333,43.2,8/1/2019
0x82038eef4b2b4014e5f9384efc2df9d2275f255d,-41.8402054,-4.3383128,9/19/2019
0xa369aad82e322e25d4efa6a948f3721287d28c92,-69.177223,8.433959,3/29/2020
0xd8f6d78cd3460925eadf40118964148843ccc5b3,124.345771,8.490877,6/18/2020
0x56905d4f67da690ab0d28b31f555771e90a3e912,15.8470487,50.7798051,3/8/2021
0x9883bba2fc2894facbc2ebe4451a52abefb3d89d,21.6206833,37.5923591,5/11/2021
0xa4a324de8adc9037ed7096e76f32947ff05c91f1,27.1252002,62.2666019,4/9/2019
0x27e15026ea0887182adde2483906314a3324c023,115.480656,35.23375,3/1/2022
0x13f95406f6ee811e95391b79b2a8fa60ec123545,107.5365647,-7.0572973,2/11/2020
0x0bc8a944cdb8079d2a8e2e290a9494a40e251b19,112.5814255,-8.3526057,2/10/2021
0x6685db16a2f3adcb98bd3180e1a1baf2bd2757a4,5.8978018,43.4945737,4/29/2019
0x35ae8402957f01d18bda243246f3300c073b1e08,30.1610699,59.4411274,2/28/2020
0x44aaba772efb727793e8a00613a35b5bd1d5c769,48.2335118,54.2866841,2/18/2019
0x8f61482f65cb6e81eb72d24a3d8818d8c8747f19,120.3608455,-3.3939043,1/4/2020
0x071feab93c2fcfcaed9c4de17f559fdcf361d74b,-65.9794807,9.2217178,12/31/2020
0x2b5a99b833d76a89cdaddf09f8a0e56514ddb784,55.3476176,56.0887469,7/16/2020
0xa4063d93fe1a04cd3f610884b9318ec4fa1d8b96,74.0452068,55.6188565,9/4/2020
0xef9a789f18f381349b6f5d466d3ddefbfbe6ec1d,108.495859,-6.7120714,3/25/2022
0x48a4cc5ac436efb9e448d05a1547b9f03c62f9cc,6.574529,43.553302,1/23/2021
0xbdb4fc59388ade7a72e732f1057fff1182b812b8,44.27461,13.17535,6/13/2020
0xa7efe0adafa741c24f4a64f8e361a999d505deed,15.6512293,46.6824698,10/21/2021
0x5154b652fb8f9cf783d51b0dd7e3878b58a4fb02,116.70345,23.365556,10/3/2021
0x4389ceeb4bb6bac7a895e6e29466013fc6eaa091,115.680442,34.059263,1/10/2020
0x3c22a8d3ae20b1e2da9c56b610fb4afc61784391,-106.5473023,52.1527462,5/13/2019
0x0d0d620792408903d7ee7d43edeb3b1139b4d525,46.983333,-21.266667,1/31/2020
0x49498c5bbf680771ab2b6e4232f8f3cdf5cbe074,112.6937778,21.860756,5/15/2021
0x4572d9d381e2a55349ebb593576132d2c8572f6d,114.8899,-8.2015,12/2/2019
0xa6514a2ab6966ef5e855dc4831c2ff26886bfc61,120.6775054,23.9179637,8/11/2019
0xcfad3235c07346f3bbd205c603ac8f66907c6cee,69.1809574,41.4636032,4/6/2019
0x3df2055fab6600dea49a95390705de710daafa64,-15.3409272,13.4776279,1/15/2020
0xc13e30cbe3f1beb90615b31a4097367976bb2610,114.300299,23.035191,1/25/2022
0x78e45fbaa5812eefe40fb9a78fa85988824d4e4c,1.206057,47.6632745,3/25/2022
0xc4c8b6c2ca488c082ab64c1b1eb7cfcc9944ac82,83.663731,46.013979,7/14/2021
0xfc21923320b17d272205f40765735ce21ff0b2bf,-2.0959429,11.0978809,3/20/2019
0xa6df18c6a7e38d2fc1bb315eaa84e12ece55a91c,-35.148879,-7.4443035,2/15/2020
0xdcd1872cc690850e54a8e7f29ba9011f0992e4e1,-104.86783,50.65009,8/6/2021
0xc6d7f7142ba83fb66e927e8fab6bfd63c943bbba,2.631838,39.6343248,7/4/2021
0xc63bb36ccc1162cf9125cf900cf63860ea8512d1,25.431687,48.8109783,11/14/2019
0xf14f141c62e4743920f223a61eead42cecb6e4fb,-39.0653656,-16.4443537,6/2/2020
0x89f8c05516fe3ce52ec546e53ecc4cd4a7b0e0b6,99.161761,25.112046,1/28/2022
0xf923fc5e41ac1b6ce831616cf7ede0ed4e16a506,-6.336393,53.3122864,8/27/2021
0xbcf748101f95f35ce09f60f8c53afa196ca03027,-9.0560562,38.640106,1/14/2021
0x871c7acbebf175812776466a300030b007f77ef7,119.017661,30.662118,1/21/2022
0x55bf88608a08328f3dc43d245b4ab0bba9a505b2,18.3095531,51.7555981,2/20/2019
0xd1bd66f72cde18dd7376fef3c63fb290bce17e6c,123.9881642,12.6679167,5/3/2020
0xec7f7d208efec7968025394755dc2995e4ddc3dd,-82.3912892,22.9290295,7/26/2020
0x3ee5f9ae50839b54b814153fecc2581f2093f417,17.5275042,43.9760578,10/2/2019
0xc701e9304c0c2a0582b6120e91a6cf9344c171bb,29.8120795,-19.468531,11/29/2019
0x12e432478ccfbad11269c1bf9922e23c029c405c,15.4826417,49.7578885,2/15/2019
0x0e4f279959a8065d2aff763a03a847c0d63dbcab,107.730679,35.657343,9/3/2021
0xe9f09e9f5eafbdeb2f41fbc4f45ca9f6d7301dbe,113.121435,23.021478,6/21/2021
0x9152c20d8e2f495c2af4eef5cb73667fccce59b9,24.8980279,60.203651,8/2/2019
0x4521712e9c90cdce1b90b69a086e9e52ac478554,-76.6809744,-10.0231658,7/3/2020
0xb1b7db9009aa996cbc8292f049523bf3ab0c2b95,-75.75,39.68,7/27/2019
0x6f1fe01ef695df16472cf164a36d8b32751d24b5,12.6642819,59.0572129,10/30/2020
0x2a9f8c82cecd332f824ef1ed53017f5849a058c4,11.0881494,33.5041035,3/24/2022
0x502016314d593ce0936235c3c33115e7835047d5,46.83073,42.2368,11/6/2021
0xcaa4d1f78c6554540e07b16242eb36cba03cebfb,-93.65,45.01,8/19/2019
0x9fa72d0653e4f1028bb96c19dbd1538155309f95,114.397004,38.135288,1/14/2020
0xe84c05416f356f134a8b96a69d044656e461ff4d,-1.2987349,12.5840501,9/14/2021
0x0e4c49924d0332e1923216aa817e2100553e2a1e,32.4202638,53.8580495,9/15/2020
0xc0cbbe2a5e14c61156f521f2ac824819b04844e8,-2.5098914,10.0600742,1/4/2019
0x2f536d4613df8fa99fc2ce90f179b2c4db1866e9,107.62613,34.265637,4/3/2020
0x2d0e0ec012dec96ccec5d67696bbbb25851a328e,19.982437,4.9946855,2/4/2021
0x5542ec8e01fdbed9db79c4e4140f7f4eab875de8,-47.990137,-21.1379949,4/13/2020
0xf65f2515620d58e7b5f2b09f59531b941822a22c,111.207,-7.9531596,1/30/2022
0x281e7c074300a027c25c39d897dc2841cec88705,-88.5710266,18.0842472,2/11/2019
0xa86d6c212f5603a30ce1df795e22fd88bd523841,90.081241,29.276219,3/31/2020
0x4d45888c9cdfc9ecdf0fca2bc817091fe21f73da,90.266692,29.483809,11/25/2019
0x0d64a4602b01df6fad9ec47d6b91e22b2a13121e,13.8817644,49.424893,11/15/2020
0xae2ecb1315747c18bd563c82ddc033fa71055d88,13.9234172,46.5919484,4/15/2020
0x3f140e8efed78f82d0611d07d9c2ccf41501d225,-79.0058965,-2.9001285,12/31/2020
0x60768a1c5e51913b2649599ea14eb78f005595b4,115.601076,25.69498,9/24/2021
0xad1a9a3dd7ab6136cae84a7d56e02a2750788e7b,-45.1904004,-22.8140057,11/30/2021
0x3c5d8bec48b2485e5bc3af1a73210a920dae7ec7,18.9221,69.63186,2/17/2022
0xc899d61c74356a0a4c24e002c6b49642ca054ca6,-8.0455725,39.4680636,1/23/2021
0xdcd76e6e2623fcf508ce54045a1f7450cc3be00a,18.0515704,51.0184963,11/29/2020
0xfb273d6584f93ae938f4a18d0dcbf6f68f5a9481,120.769905,40.828411,2/29/2020
0x5f6b70ac19477ebce3def54b43c27af25d408650,120.396768,32.5639,1/5/2022
0x87e930e199e96c798f9dec21d9dee1cf58b4ef02,108.7971149,-7.3268042,2/26/2021
0x53199b8dc6f414fd7a29c8562c7316f80b23650d,111.8270486,-8.1553145,7/8/2020
0x0139567d1d7d646f5cfa1b0ce17e5b9c26aba724,85.5097226,27.5828698,1/3/2021
0xdc5fccaa70b3bc2a2418209cbff29f4cbb144515,20.9183286,51.7565958,7/28/2020
0x5aece22bbe43e9ec50131b82e05956058161b007,21.0782963,49.7979502,9/25/2021
0xe82f7bf330d72660ebfdfbcf3b7d27fa9f5fe5df,116.986622,23.72513,11/21/2019
0x8246439b2df28faf03ffb5fad9a1a541f723c479,24.850714,43.654415,11/1/2019
0xb65a09958f8a1c9f7b59cca117724a0fc7b4485b,-71.459344,46.747041,7/8/2019
0x6c85fbc191e14d760c2cfe539851ebf5a807c70e,-90.4751359,14.2233899,7/15/2021
0xa3badaacde1bdcae927ee237c6cfbe06ab1c267c,111.9671537,-7.9299269,2/21/2019
0xad8602eccb9ff484b6f766085900121f947dcaad,-84.762933,9.97788,5/23/2020
0x68324abce27c2e12b308ee7de50b8eac60322e8f,58.7926322,55.1662846,2/12/2021
0xc1bf9fc65901183dc0aa02b805325ba322208bd4,107.643631,35.709077,12/27/2020
0x284cebc95b90e78bd54cd4184cdb9d4d2be0879b,-93.26,44.9799999,3/11/2021
0x726e99e643d0cb5523a810aa2ba34ab6c8d073fb,57.584421,-20.4709005,1/15/2020
0x7b50e86563970d1af8d86b34498221f13a7486b8,104.9564084,22.6308357,7/23/2021
0xa78056fc84d4ded8ec7596368850ae11bb727a7f,110.4153075,19.8838774,7/6/2020
0xd5fb9703bc677b16b75f6850d19a84783f6cb16c,-58.5613439,-34.6504677,1/12/2022
0xd14e3717cbb1bf519ed007819580ddad7c449389,32.7986688,68.8128001,12/7/2020
0x39682d4b16e5e9ea94480f75d682cce931f9106d,5.6469613,51.9671737,6/6/2021
0xe848da03d32f0630813d1537335ca5830a38b0da,113.5144,-6.9001,7/9/2020
0x598a3731d3525bb400d99216664a38868b3dd748,-64.7858887,32.2945837,6/19/2021
0x603d68214797759cb447789b7e16674107a43759,13.1402383,58.3721026,10/15/2020
0x4bca06824197d348d8764f94105325584e6a9daf,-75.2803017,6.1205312,8/27/2020
0x7925ad558689d5d089f03bc5e44eb508686c0c11,18.1662713,52.0697452,1/28/2020
0x5bd5e4093f687c300172fd9022e6dedb80a7df53,26.1321521,38.3143554,5/16/2020
0xc7d803162086840e5d123ddf3935700050623b63,-71.6831251,-35.9636265,12/10/2021
0x66cb56b30770d3a056e5d5c07f068ffdce54e652,44.5477905,40.7760704,1/22/2020
0x22e4efef414beffb91f951f16b9de44bab9acb0d,121.9944005,10.4373128,8/5/2020
0x6204243fa818096d77b91bd9b2e7c8e05511673d,-48.1002024,-21.2397333,3/5/2021
0x75a569c8e631e09974bb4ece4ce7380fde7ed340,-75.1078332,8.1607397,3/24/2020
0x075c22a7c89bbe8af5f13d5e4ce6d3efe000ff58,34.787384,32.015833,8/19/2019
0x76be839d52795c2f6c8d70702335301a540c9401,121.0298199,14.5672317,4/9/2021
0x94295e2095acb57f899c9147d8bae727494cc692,-60.652833,-32.9413658,10/7/2019
0x9dff6f640cddddb4de74159c427e18d1817759ad,-9.414533,38.7146303,7/22/2021
0xecbdf7d5bdefa6032ea78c6826106c98021b4bd5,-1.8090692,48.2414942,8/12/2019
0xb92d046364afdafd2c9f008e53a532d4c4181028,53.4831411,52.8416063,5/4/2020
0xfa52fcfb7daf6efbecc04a544b33a82122356bf5,39.8653499,55.6583701,2/27/2021
0xeec7861e334c971a20a9e89e5972aba5b35739cc,95.71508,4.5557,4/30/2021
0x8a16a7763375f6a1851a1d85c4733534e7c85118,121.341969,30.741991,4/1/2021
0xb38c40f4ba8d4d24ff3da7a3a80bd87a77367c30,112.700315,-8.0976125,3/22/2022
0x98d6d87fd261e3e3fe3b8aa063053e800ccc4d29,37.9579616,46.4144282,1/29/2020
0x0116b690f78312ca9255d099014df855688568ba,-6.1157412,53.2774963,5/18/2021
0x74db0eb6170b0e4282c9a1037ee75b9166eb031c,-5.7234007,29.8257743,3/19/2020
0xf255b9eb46f47eb5c146e5a384fceaead63c08a2,-99.1497664,19.4458447,12/31/2019
0xdfe32a157f24b2fe8e9180df487e69459580d056,120.31191,31.491169,2/16/2019
0x27cde118ec7d50396def5b6bec1b4a62eab29c54,120.466907,17.7524749,11/9/2020
0xd57f0d708f377347ceaff7b3323a7f1775bbdcd5,-2.7586364,48.529165,1/13/2021
0xa0ef1b5059bcaaaf981df0e0995c8f5257910081,-74.9208772,3.1852692,8/26/2020
0x20b9f10dbcc3b212314639fe530dff489d09a1ae,73.3657118,5.4443719,6/1/2020
0x129e6ab5a2ec7f12683561ae98f5f2a9e5ef2b31,17.3278637,52.7441662,3/17/2022
0x406a50e195e0d2dc63079be0b2fe37231cce274d,-8.4333383,41.4122069,7/3/2019
0x25dee3abb3c6116ac7032c01e1115e7a895325f6,66.011516,59.332724,11/19/2021
0x1d2428609cbda4dc82870cb90815df6b605118f3,37.719368,55.796264,6/12/2021
0xb2480e27aebd5a41509f7b1faa20cd81c5e96d39,-8.0644068,37.5096505,12/9/2021
0x87b84632ba96b2443270e91b54bf1346942b3812,141.3259605,40.6039378,4/15/2021
0xb9f4aa6bfe700b98abf7cc4b092e5e4520b6baee,112.4172256,-7.617735,12/9/2019
0xebbc1f2e1f0a744e4005f4b55e720842fd86989f,109.362302,28.378946,2/14/2021
0x5beb38d51bf1938a587f44ff52af439dde2ef859,133.86495,44.16652,4/30/2019
0x9a1db7322d667147fc5842e0605cdbecd0d6b547,112.896606,23.156045,2/7/2021
0xca1b1e638ef7499be925192933e9d945f5f7c6b9,113.798718,34.497578,6/20/2021
0x634453a7de090bf8bca67a8bb3422d5929dc8346,31.7447913,26.5608911,2/7/2021
0x06c02b3e4033d2ba60b6b84ba723144c37c74740,5.3618974,46.8525293,11/12/2019
0x4ffa683a81c82039e854cc3456edea204fad7aba,22.8634338,54.7747231,7/11/2019
0x04f2679efd95fc5c1bff21fd7d248f441cff1e39,-83.1059154,42.103278,4/3/2019
0x44e83ea584beb7c74c79ca80a08282e1513bc340,112.5096093,-8.1802134,12/22/2020
0x0278b4583023592fd5563aeccfe9ffc7559608e9,120.281653,30.835511,8/7/2021
0x56f53f397152246d8c56e0d266915d1d8ed09d30,140.0636977,35.8886106,4/8/2021
0xdff8d55373af6cfbe002702637d5916e6eafd1a9,1.450373,43.6151225,10/29/2021
0xa20d59bcf68f4bc41d18f6fe570870d629fb6587,3.8260916,47.2115555,8/31/2021
0x112bd49b0827008816284da3aa17b56b19b7580d,13.5389591,59.3192962,12/11/2020
0x273b57aedfb0252de7f989efa01b6b2cff39aebf,-56.5112061,-33.3516458,2/13/2019
0x997ce1720cec2100bfacc90e4a2f2a5d19da0820,104.100502,-1.259553,4/25/2020
0x30094bf32825f5e4efebe54d622b5f428a7a4292,100.0975221,14.7579513,8/22/2021
0x889937c6eac98ae48605ead3ee7fd02f52462175,-14.5611573,13.5699981,12/22/2021
0x945a68c6935fd4ece40800616788aa9013c556f9,104.6412925,20.8444995,11/12/2019
0xa46618f981de31b53f7368596b0a707f9128301e,114.1609454,32.1237809,11/30/2019
0xf57edec7b76569108e1335fd802b20fce5741ace,59.6251488,42.4371884,1/14/2020
0x7bdd796ca1835c67ecba8c335f356546a915c4a9,48.1450932,50.4438122,3/2/2019
0x52315202cf2c20343b400ee58c651227e67b24e0,18.7671299,-32.90269,7/26/2020
0x32ab59866235894e235a92494ced1430aa07a4df,-69.9621383,18.4927064,1/11/2022
0x591ce11f37ca93588412f88b61c1c5133498c62e,119.007287,34.124484,12/30/2019
0xc6a36d4518f6e7bf3dfa862e2753c2439d52a825,110.363649,-7.783297,4/4/2019
0xe670ab86b04657efe499e90a1bdbf207d14dc81b,124.5029869,-8.2206994,10/23/2021
0x9664d573fab434bf2f78fa5ec2b890cd2016d58b,115.143997,-2.937572,11/22/2019
0xce6814822b55bc2ef7d370273f534659a004b3f4,23.7536323,38.0426062,2/19/2020
0xbdda40779686c92e92d92cac9980883c8ea7119e,-74.172438,40.9163004,4/3/2020
0xb53d461deebb59cb323e1cb6c625cf2abc66b02c,-81.4992884,41.1024492,1/20/2020
0xacb9cf8a5ddf154f43f26dd926a07cb28de5773a,107.687866,29.758227,8/30/2020
0x6abe62ae2b609e6170e29dd15f6abdacf80a3edd,105.965695,27.820107,10/7/2019
0x6dec803b8ab587b3585802a7ce0e6ed4d5ba6770,70.0024837,42.5530523,4/6/2019
0xabeea02d53d8ef4cffea00367a3a1d6dc24b18f1,85.6978029,52.4219719,11/27/2021
0xb0a5dc4f09fdcea5d52c528bc9e3538877fa9da5,-5.3677844,33.685735,6/11/2020
0x07982cfc0396381ffe7c107338592632ad71b99c,0.3010983,47.1036608,12/18/2020
0x9497d7caf558b869dc878c8ddf3dcafe19e1172e,18.4349095,57.5895315,12/21/2021
0x28f79feb6336b6bf3f13da7b964d33b330bcf45f,-47.4810384,-20.2562227,1/2/2020
0x3e8dd8aee66027d5baff9f2d238aba24d96e4e66,113.1565,-6.9,3/31/2019
0x1e9ee9051f8b20ee9366ca1111425dd04d0da4de,122.9719348,-8.5066242,3/3/2022
0x4af658dfc09af34d2ac0b47defd9deb7043e1afb,-49.26952,-26.8251371,4/5/2020
0x480225600c8afef737db87558f881a200a42b48f,101.803717,36.599744,12/2/2021
0x84936bf86245fd6401d7c6c2540586ff60f0846d,31.89571,-28.73688,1/19/2021
0x4d28caa7bffa058d32cf3c6a5dbc45871757e14b,32.9001451,48.5582238,6/17/2020
0x438cb280e2d9b34009924b6e4a8b78e4831d07a5,123.9245693,10.4051594,1/29/2019
0x2fb4db6165d15e592f9e171f3b01591c15136618,121.8247013,13.3585301,9/15/2019
0x2f7252a8660ed9c46d8ff0fd34aca67474faf137,18.3860374,59.3235522,8/9/2021
0x4bc85ec4994f772c7afadb028929330c1225b5c0,-72.3628361,11.3451287,4/17/2019
0x3318251e98d3533410c228d21135b7ad26429f25,-97.4252917,20.543509,7/12/2021
0x837ffdf9bf9f6da715532b959866df5753b78904,119.373428,25.918786,8/20/2019
0x37733c8b7e73760f8bd28fb4dd1ec8941227d778,-97.4252917,20.543509,3/26/2020
0xe939ae475991f9cad757705eaa47d60627443503,127.6825578,26.1853781,6/17/2020
0x8dd096a58cfa7bb13e4ef94cf388edffda8a1822,19.234704,49.9800949,12/10/2021
0x42753696652dc4fa469b9072ae703eb08369a5fd,-6.9858993,53.0018699,8/23/2019
0xad8990c1af4f4b00640d60fe2fd43280a0b58875,123.6999,13.1029,1/24/2019
0xd608fad05a0df38fdd64e9c7a0ea02d33e5b6604,59.4504627,58.7239855,4/8/2019
0x18fdb4b0393b57fd8212cd0594a0c8029e0d3a36,12.3260336,58.284686,11/24/2020
0x0b4fb50b70e2deccebaa6d81aebc25f1b7eadfbb,109.167435,35.119385,11/27/2020
0x8dd729e8105a3d9e1aad5d0d6164aa548c0b916c,119.5513689,-3.6619451,9/18/2019
0x67b50599248b84d0dfc065be4897d66aeb785a6a,-110.7200371,54.2681766,1/26/2022
0xb9aab7c1fdc2792e42d78ea5268d9eae10c3bac5,47.4687165,55.8547803,12/10/2021
0x1b54efb18a99ad18a62b9e11dda7f95624474ae2,18.8708641,49.5395711,4/19/2020
0x2bc43d07869401e136a3299a61ca0ad60ef31402,-69.7912411,18.9436472,10/26/2019
0x96844f09453532b059a301b0efe47a50de7b9d72,113.2773942,22.6229329,5/11/2019
0x1a8f3beaf69e5698052d4149caaed800e29f7ae8,116.0886704,-1.7505747,9/2/2019
0x0fd46a6632bc5100e47fdb0fd92c7108441cc82d,-73.8076421,40.6998888,7/3/2021
0x9c64e16c774bf656a39e123429a92fb27786f3d8,28.4037924,50.2145927,7/6/2019
0x2b044a85e9b2ccfc8ffa045a57995dafde44d6f8,91.8580145,22.9155908,11/23/2020
0xa919e97ab6efa44df68c422d2df5000e5e6b8b80,-83.9977527,9.9010414,5/14/2020
0x3edb8c82da14e896390c28a37b03a4f768f117c9,126.7075176,45.7873408,9/6/2021
0x1c055fdbfe46a3df8b8d63ea9da5aebbc262252c,108.9422832,34.2579981,8/2/2019
0x96b6fadd5a6b69b879c071e12cdf058127b1550d,14.482911,35.884431,3/7/2022
0x66f8da2e9bb89576401f811b6a7b5a95227bbe1e,115.4189,-6.8827,5/13/2021
0x20f9764bf1102da18791bc2d2a7bdd13fd000ee2,-57.0505991,-23.3525184,2/19/2020
0xb0fc55d6a55c40ca7352a26319c7c76d5f57b3c9,16.5996595,43.486492,8/28/2020
0x3b0b31b94bcd6c2c57636c52c29518cd5745dea3,127.596645,41.949852,4/5/2020
0xe29999bb0498e38539f8822dd80744ae6476939f,-90.4365807,38.6026034,4/23/2020
0x7fd0fdcedc9f15e9a51b1aad0541515c36f06f21,108.2185534,-7.3038456,11/11/2020
0x8206f25faa04dde92a3beff3bd457e1cd30ffc03,5.653268,46.259611,3/24/2021
0x382d4d83f81ec5ed5aa2cd0e2dab51c3244718d8,122.07903,52.17596,3/22/2019
0xeadfd2114b072aa4166cd8b6ac3d244e7f421b0f,111.8956112,-7.541449,3/4/2019
0xf48a914bd7aaaf8a2fcb9cae93af8224efaff97a,-51.2803152,-23.277052,4/17/2020
0x125dd649a18ecd399ae92e6618993af4e2b04227,-85.9262162,41.7396715,12/7/2019
0xfad52173f0f0cce4340ff2b7c6e0298dfa2cbc9d,-117.6181229,33.9666752,7/18/2020
0x771ad861bc969c00ea8d0ee3ed2b6b8c89ccf8ed,120.4032998,15.9655291,6/10/2021
0xc2dfa32874c9845d542190454c964fd568261dac,117.613808,24.117102,9/22/2020
0x0661c15c9a76d80bfb046dcaa9561822c2022333,56.1415665,57.9887927,9/11/2019
0xd187b84f08ce74167bbf1422c8ec7fe47a055c33,94.192003,44.718853,9/24/2020
0xf1244b08ccada13713881090eca26748bbe80619,-71.893158,-13.54918,1/6/2019
0x7500e59cad6004f202115b62266e4335c7a7e011,116.870383,28.154774,3/11/2019
0x5fc38fe9bcdb7f58d62b888764fd6b4a8aeb0e72,-8.4250467,40.9178949,6/23/2020
0xf4f5695c0e8ff2a30e7d3d4b0c0d86f7b0359d23,-53.758612,-24.0260564,9/13/2019
0x5fc6f401dc7f18fbee9acd919d77d022f2bf5ce2,110.6377502,-6.8921607,10/31/2020
0x09e80703f5f67fc7ef8ca42ff18c9b365e8f8eb0,45.1181602,62.1556927,3/5/2020
0x9272272a59c70204c6dc7665d2d6c3b9f73c032d,108.2171633,-7.3505808,1/2/2022
0x2b5944681ff07ca84827901fc62c55571814afb7,111.948474,32.584328,6/30/2020
0x00fdfec197adeb8097c438fefd6885890f841e3c,2.233089,48.892701,12/11/2020
0x18f08a7c547bd6b99ce29cb254af6b88ff26925c,108.104291,35.591349,10/26/2021
0xae7451134d9ee184e29293f92aad2a207a2a2db9,12.5532982,55.6840317,9/29/2019
0xaf5af28d9c4bbb69bb0b19cd1934c4cc3c12e8d9,121.653543,17.902174,3/26/2020
0x209e54f1eedba56222b269245e21c31d8b179f7b,143.3092266,42.2531168,4/24/2019
0x14718c08e131d0582d13ca13f8770ffe44dba5c0,124.5716112,8.2545666,7/11/2020
0x17eb7c93a54d47e4eb4b89516f751c9a8c668883,-16.685136,14.7673872,10/14/2020
0xc5562c8456edb40422a2364e8fa57cb45076fa84,-60.652833,-32.9413658,12/19/2020
0x1c4ae96c9c41b079884ca60b069a9fd69d7be925,16.2478969,50.810462,1/8/2021
0x7ec970db26a23d38d4ebd78d06bc553ebbd1b2bd,-49.0075714,-26.6119534,8/29/2019
0xed364b793f46134f568d548857b7a5fd2d00d902,8.0219738,6.1323473,12/19/2021
0x02f19707fdfcdbbd80b782d2a937df75c00e5f37,72.6325857,34.9196569,3/18/2020
0xa18b6475accd297aa20a43d8a0dac03ee29dc529,21.5149892,50.8900563,2/26/2022
0x68f7e5da185be0a6ae4785b21a1e9741a9099ac6,7.261933,43.704612,6/4/2020
0xd29c99bf61af959f9d6cac54e749e57ca9e3a2a9,113.5516516,-8.2174219,10/3/2020
0xa0cb8c413348dcf18c8b2291cf123d4038e3dbaa,112.00383,39.94191,11/11/2020
0x782d53f52a2b2ad78d9aa0f832f5b6d63c66f633,110.662033,29.423385,11/22/2021
0xf3143933feb2aff823fe0aea6582108871db6e96,103.8,42.65,1/29/2022
0xe2fb61f9447f8688f2fe6283ec199330f8d69e7c,29.95525,60.71418,12/1/2020
0xb26eb7902de7daff63d3e0b89da18fb0e7baa9b1,-7.5669496,38.4475572,5/24/2019
0x054c04f1d09835faf29d8fd5ecf8d7722ddb7c0c,124.848271,7.0773723,8/3/2020
0x68989edb0949b723611d18a3f4121062a2509889,-63.1973233,-19.7809492,11/7/2021
0xc8c98a4d453a97d6d0eba10b9cce601ead48dff1,14.5064706,49.9390977,3/11/2022
0x1e94f373ef18c33ddeb2599754f1a9864f7a7a61,120.562211,27.483293,3/16/2019
0xf7613c61e2594155f40e1bcd78fb8c00ff451270,115.910958,29.784315,2/28/2021
0x67c854f342ee23673e974a0851536a46772faea3,-59.029959,-27.451456,8/26/2020
0x269ff18209db750206f2ba5450964e555e5609d1,38.2849463,14.1056708,8/18/2021
0x7f9bbb550490349fa0b849255e7f85229715e351,44.384146,40.1912987,12/11/2020
0xffba9d3423ed9335d6f7aee21468af7c96948a65,-50.6378257,-21.2581695,12/11/2020
0xb554cd4b522e2904b0d4d5d1fd119f3697bc2244,21.6386381,39.0054084,9/29/2021
0x6cf75e8f8be26f0156933d2d4b45cf01eda9c9ef,30.9173,52.5387,1/7/2020
0x625948981d543f0fb1624228d47e28a1171db00b,-8.8416426,39.8494257,9/14/2020
0x3b58da3883036bb81f6589aefdb396500e9bf2ec,-110.1216666,27.388611,10/3/2020
0xf56aac4275abac21129fe9ec1612cc007cd25cb1,123.8501765,9.6356686,7/24/2019
0xcdc20c17e65b3ea7c22b814dd24b0f9b0444731c,-65.0008956,-31.7306526,3/4/2019
0x7ff21d9e4b167b64b1b833221feaf69951176731,120.4493879,41.57365,11/16/2020
0x93f4164ad4fbf53953a266a17c940e086c21c322,114.8804853,-2.430223,10/22/2021
0x3c7310064886ab62cdb4d10c58c83b4c85e3c6bb,104.634983,35.00394,4/29/2019
0xebb180536e7513ae6ed6cdad455932cb34730f31,-40.5120603,-11.1816506,6/13/2021
0xd5e447d6a82801b087c18520c88baa45e8abf5e8,120.8360762,15.6658463,1/27/2019
0x293be2f4aee863aa4eaad1600d90d51e2cfdb669,100.4938616,13.7279858,7/6/2020
0x32676982ff077e1ba5672a04f28eb0456f863b8c,103.640693,28.233802,4/4/2021
0x973bb3d90906e80b8c0d06a5a1bdf1fa01447cc4,26.0171919,50.7444784,1/14/2021
0xdf19d262866cd75275c2406065f41ad4cd29bf6b,106.3699271,20.7491091,3/24/2020
0xd8c61278ac6db795ce4b5c3e0ed338eb55e89e3b,119.0511,-9.6701,2/8/2022
0xeca33d819893f0173230b801b0fa9efce1261896,-77.7312977,39.7164885,3/8/2020
0x258c24176a05e29b2edd27ec0bc5760c0ab2787b,-58.5074331,-34.5332237,8/11/2020
0xf82261356c6f5c34bc95a15f1d03dec2a7c70a0a,2.4532855,48.9086571,2/5/2022
0x9c1e932162a35f18d51365e10e538c53e7cde086,-45.9795138,-20.0170955,3/27/2021
0x8e6bd9bfb7b8eeead6b55b6b4c4bc7bc6a62fa03,126.0857408,6.7645757,6/10/2021
0x3a61f6c2dd744a3049036cce6f4a4bd121ede6a8,124.8289296,11.5352048,8/19/2020
0x8ea8ea9fe8c26f9dfe79a1af58eb4da9489a8427,93.517216,31.511818,10/9/2020
0xc4f33a7a0968150459f2b4878a7aac7497b03017,104.5655273,12.1392352,3/20/2020
0xe1283094e2fb4d2fadcfb44f3335326705576099,111.7226167,25.5225011,6/24/2021
0x952bb6389031353a7640c9e3e8864790d2a2c214,17.9938523,49.3389251,3/1/2021
0xff75d16bdbd9804fa26629cd76a3064b9fbee57a,107.5889804,-6.8646647,1/20/2019
0xfbe03e877d78e77c45d131e87021d8563bcecb87,43.4086631,56.6203091,7/26/2020
0x44dce6aa6df5f66c33216ffab4f3780025b0d976,115.251124,37.520481,1/24/2020
0x60431bf72b92ad34611ea4efe9dd0c74a8e6bc0e,109.3128909,0.0132035,11/12/2020
0x683152a8ba52caa2be47c29aefba81c066855388,12.6996888,56.0528691,3/23/2021
0xe06e87314cb2a9535e1d589a5895fe00989f95ea,64.987739,27.4140682,7/20/2020
0xc21006c69a4bcd4243e4f0dbf102073891595c46,122.550568,7.871544,1/24/2022
0x5ccbb6c39b1a945f6988735afe1022efeef5f855,-39.0459316,-14.7929927,5/15/2021
0x538134fd599e711e1bbe976c406e606919953a8b,106.5760857,22.4919891,11/23/2021
0xcd450c338485c95fdc41ac6e28056635fc23d92b,106.7246239,-6.5554802,2/7/2019
0xf5639b91866bd06f5e1e567adb6f59ceecde7ce6,-46.9442412,-19.5906483,11/3/2021
0x1195a6f1146695ca6ebf3f4751afe10f3663c25f,115.771093,28.159141,11/21/2019
0xb2f15ce47bc44b493237787d5380f7cf8b66f67e,106.8340622,-6.1671806,9/26/2019
0x24ba6723114aa72f6feeb8a663bd1214e3d5f467,120.5851587,14.4547788,11/8/2021
0x8ef65f0f127e80490fc98ce0dc69f24228d73034,-7.8512814,40.5336661,3/26/2019
0xeedca8832a6c3c1e373740392faa2154f6616ff6,97.9157099,2.7121164,11/18/2021
0x2cf3ac6e680f61de7d219eaca83d923ac0833b63,1.6937962,46.8087637,1/19/2021
0x514eb0fd07ade17cc81cd950bd69705c40070fe5,-74.08251,45.86678,5/31/2020
0x86c2eebe2ee54933f46b5f5973d40e28ddef3178,120.9221678,17.0056829,6/1/2021
0x7d6ed0db99f78662d7512429227aa561c0bffa08,111.0479956,-6.7189946,11/19/2019
0x8223a2084dfbd4c95198e92ab0a37a4561c2b5ac,-157.86,21.31,11/3/2019
0x704aa224edb95bd422959b7a5618ab391118f7f8,119.8473927,32.9086366,2/6/2022
0x4ed22a1ff0330f32a77e903eec9fc299dbeada4a,-58.2177722,-33.5339107,12/17/2020
0xc6332f6b13bf84d3d63ed599cbc36eb3e1250c8d,27.2251895,49.0390391,7/27/2019
0xe66798fc1c022351d3c16c864ce913c48ab2be85,21.6020199,50.0558922,12/23/2021
0xac8e86a237404d6cfad447797479dbe07578df6f,-7.5443513,40.1198606,2/14/2022
0x632a8add0e35317c3bfb042e0b62dc6d8d35f2d4,7.398574,9.0764785,8/1/2021
0x47d5348d8ddf4f3126687188842fe2f6673bda3e,19.3295966,49.8162832,9/1/2019
0x7f22e63d35e2993c0b79c0d486cd0e3aaa92d7bf,113.366904,22.948016,10/2/2021
0x54fdbdb5c9964c538c9f028108c92d0edb922c7d,18.1313741,49.7523172,12/24/2020
0xf4511f04ee2edbdf43f9712b4f5ce4faf29a37f1,108.602317,34.107815,12/16/2021
0xc469f3fd5803958b060598c375de92410ae93f47,-78.9,35.99,9/7/2020
0x3e5cb855cacce2a491365c8ae48d66013024286e,16.6797892,49.6085752,11/19/2021
0xbe320f13df33a0a454a28ef9f4c05bb2bdebc64c,-0.557101,47.5246265,4/2/2019
0xb8e29a4103172db3d8f914d14a2bcfb3e96c18ce,22.4723243,48.7359203,5/29/2019
0xc6903a8a45d12e8c45329010ded026d2a06f7441,-8.3317519,40.131487,2/1/2021
0x73ebfcee41b2a5f1ec1a51f2b9b7f936a1dd3807,35.29528,32.070084,2/14/2021
0xae5863611a21862a24447e131b3c3fe9cbc8f2ac,21.1592873,40.5042923,1/19/2021
0x7af79c9b14ad19ec5e55f091f9d1f5dd5c7fdd1a,2.0308233,44.1675867,10/21/2021
0xfd9173f7af4e90c87e85e71dc104948688815985,116.3038,-8.7482,3/19/2022
0xef648a47bae6d959192f999a51ba16338cdf1615,113.576677,22.270978,6/16/2019
0x32529b64d6b7b0ac478abb57b5de8100a3013126,110.271099,-7.503663,1/3/2019
0x1ac8335b5c057bbf28794f2001aedb116eb7b11e,100.851776,13.5847649,4/19/2020
0x0d6f3d26e324b032de94512b80f2902cd69e9d65,38.3579129,55.1970692,3/1/2019
0xe46adc6496d9567c8bd31aeb30d16d4855c7e604,-7.5934261,37.3716902,2/13/2020
0xed288f1c27258ba215b3c77d9b1439d5c20076e1,-83.504629,10.097212,5/6/2020
0xd5fb6914002d5e97d5417c2cffc9194a51d366e7,26.1390805,43.513695,12/5/2021
0xa6ff920d77e85fb9c2122eb4180b09ea9a9df865,-46.3494828,-23.4849456,3/23/2020
0xa26073cd44606f1558dd66f39d5a07ce3a7ed68f,-86.5728785,14.8288248,9/18/2019
0x7d5394afd0dbf8bda2acd1f5034165d64f477c7a,-68.1434996,47.02018,1/19/2021
0x4ae3df999a95fd83ef60ab0468423cc9fedd9624,37.5347993,36.3489618,9/11/2019
0x1c593c17e50e180e1eaf7b05cbfadbdbd4da6c89,117.468181,29.185721,7/11/2021
0x70660f7904fca9dee5f8b8be1a9e27746ca664c0,-75.8942469,2.389011,9/9/2019
0x94264d22e857c72ded599c306fa3251e80b265b7,-46.4393054,-14.226324,7/28/2020
0xe6b9a8b554b1cd17d2eee61d2797a072cc2f95ed,102.7755279,17.387112,3/19/2022
0xb60044acb07729d3c56b0c81558ef056930fe2d2,18.373961,44.6482919,1/17/2020
0x172fcf9ee6952c0307f075abaa2ce6e411facc16,73.5807606,2.9205384,3/3/2020
0x612cd688417692bc9fa6310f8f364929377628b8,35.69999,31.18248,6/23/2021
0x54872e485088a80c8e9559977a1e230e41a6b27e,72.9979303,30.2771132,11/18/2021
0xc3cfec4c10985f8b96a89f0127899304f5246be7,101.9348069,16.2426241,5/23/2021
0x3194a2fa626c5315d5fc9aea8484c6e5a2a0ad13,31.4155591,26.9915774,4/1/2021
0x40436a88be8274fdd584e41741cc75bffa0f712c,7.3469006,48.0724737,8/23/2020
0xca4d276d65126cb889f4faa838fc3c4bad1054ae,102.6298251,14.9649534,5/3/2020
0xb9feddfac73157b803bb1224a1c64e6dd1ff0a59,13.3032995,52.5890862,9/14/2019
0x3ce0bf7401b1824dd81566a4d9bb98ed5f8985f1,3.1233128,50.6809584,9/1/2021
0xc457c589802334ec640c555c71713b2a44f27002,118.8310811,24.9848125,12/15/2020
0x884d2f079f4ceea4ee17dcc7f81f50783cc0b27d,-7.2705019,41.0529013,7/23/2021
0x30cece2552e42611a2d9794beec480c95a6eeec0,-43.7334089,-22.5284121,7/7/2019
0x26e0429795cf7ab9ee2eeb07279dacf032ac2d46,115.797775,28.570101,2/2/2021
0x11dc82c156f853bddee29bbf61f8f2a99d013f60,112.76878,-8.0372299,1/4/2019
0x4838a351b40b2f054690f6e7b013cd12dacdca3d,-40.3496894,-14.5124962,10/7/2019
0xbf2d33152c05504118cf1669513293fad89c2df7,123.8751554,7.9632405,9/28/2021
0x1b5c199188f34048b2380f326faaa8f9a5535c5f,120.564983,28.438851,3/9/2019
0xc4d1e4084e43e4bfb21c242cf7512a253ceddf00,114.382541,23.084122,3/18/2021
0x66a3489f952b8a7d4db86970d9688ccd8fb8687f,-7.9139891,53.0949398,3/25/2022
0x86657795f5cbb6845d184177f742e47c19ad4916,-8.9156201,39.7343087,4/11/2021
0x7a980fc8a2812a1efbf16cd91e10f7781791ffb9,-8.4551704,40.3821458,9/12/2020
0x05eb6c35d15bdce0c28973bb696aa2d9ca5cf8e8,7.3507066,47.7489727,4/7/2020
0xccc1a7d4cde6124c1ef67cf08d58598e132ffaf4,123.8022032,10.7027142,6/18/2019
0xbcb644bf45328bf1359574d2832651236cfd2a22,21.296838,53.175543,9/1/2019
0xfacc15ef7f8bde48e9af6069170c6ccdb3096d13,13.5516829,46.3376387,9/15/2020
0x8bd30988176748986f22c99f9518bd6aa7ec823d,16.9295441,45.9724452,4/28/2020
0x7571c1642e135f56cb3259fc059883a5f45b765c,1.7243511,42.930418,12/2/2021
0x8afc809f2a74accd2eabd969d2616ec81b621915,51.1735574,52.803304,11/30/2019
0x33dc090a3927bd9e8541ced5addf4a4cd6092f4c,101.9476452,2.7239834,11/27/2019
0x257276bfd7b493b5e8ec2c10e582e63332ad29ca,61.06667,34.66667,1/14/2019
0x754d0165c28b602c91258f1ad0c4f1e36e96e0d8,8.5113801,47.3774041,4/2/2021
0x0479addea6f34ca7c89922d4586d9db0a5f88542,-76.95139,-11.18917,10/12/2020
0x62e88432ea211120cf1d9e0527879376836af7dc,53.1803558,27.3423771,2/8/2021
0xec615af7ee68eb1ce1528e655364b3dd3122550c,-1.9817089,48.6011478,8/4/2021
0xa76779fd44a6870d3e7b9ce53df5ff28988bc055,119.239406,26.05547,8/1/2019
0x4a3f0f5f88d36b094f4263647a0b7c70224c3d8c,140.4902763,37.6214616,5/4/2021
0x4140a2f2ac4ba121211093d819f60add9ca164c6,-0.9725085,5.9295558,3/13/2021
0xb94ad2e86704c9615e6b915aea556c4c6ec2d1b7,-74.463014,4.632147,10/4/2021
0xa1dfd121ce112929d3651223a4014944944b90ba,-79.3744257,43.6422125,7/13/2021
0x66485643fe2287669bd4dad05026238fabab86b9,14.4851066,45.3853069,7/16/2021
0xca3b80740f0f7299b817cbc154ff2644b3663d8c,16.0079822,50.3411289,12/26/2019
0x5d40a4751883d00cf6c0da7d215cfab33678efc3,-0.5683399,12.6612116,8/14/2019
0x72bbf7ea59a12c7ba10f6050f78b570b437cec44,4.8427596,45.7967858,2/15/2022
0x885450a16a8646e550f8a5114ce77acbe918e32f,30.2166519,13.1782149,1/22/2019
0xfac38256e3cdc1445185f1416a466befd9bbb37f,134.7007309,34.8389466,5/30/2020
0xaa7d2c0dd56b30ad34a14ea0b8add6aab81cb94c,-12.1804261,15.1506088,12/29/2020
0x565111d74a3a26cdbf85692fa7635e90682e2829,111.2940501,26.3940283,2/10/2019
0x080b403239d42d4e2ceb2d2211c2bf0f38f5c0d2,118.17771,26.641774,6/28/2020
0x21ae68ffdadda8365ba76ac326e1a171083f01c9,116.0761121,5.9840985,11/29/2021
0x234ddc9f88d8eb08ea243cdacdfeeea0bb61bd12,116.268675,23.284628,9/25/2019
0xb4b6bdcad8d771ee569d345a5abf3fcc4780e336,100.6473542,14.0654264,11/26/2020
0x8d1874effad61eeab8014f963fc5eb841e3caf9c,-49.3356859,-24.1089373,1/14/2020
0x0265f3296847847264341b362b5b2cf3e3479b99,-85.14,41.07,3/22/2020
0x94ac569cfa938745335bd5fc05d56897bace765d,111.244529,21.955472,1/4/2019
0x34028e153fd8b9a8146c0fdabf7fb9425e7724e3,-71.9927391,-13.5066591,7/9/2019
0xdb1cd09fa299c42ee68de8d2ad3295475ab15d8b,108.389861,28.721763,8/18/2020
0x125e3a013c080512ebb26d37f7efcf66e31ddc3d,113.106055,23.342031,10/26/2019
0x4b7cf9574baea1ddb0f4b0b83354592b95fe65c5,-98.882461,19.5056005,10/1/2021
0x9a41465122e6413f3d3226a47fd663520ea1aa74,-53.5608275,-30.1647807,1/26/2020
0x52f86f41c5f5b96625cc2e5778545879a9040888,38.6720778,44.8568897,2/25/2020
0x7e30962416c2c5985165136c1a2f8b6583a58c66,-66.6395219,18.1311468,12/5/2020
0xfb3d0b15f2a9c392ac4d8b6ee7e97bb117da2171,-8.3718954,41.3593636,7/10/2019
0xb21164d525e8669c2b5f03569a1ac6472503e182,70.0973718,53.016924,4/27/2021
0x4a0aa6e9e798637ee8e1ee434922fcb98ef30207,44.8994082,43.1927985,9/13/2020
0x43dda4c3711f9f1f487f0b345158f36e139d8c30,-48.310855,-20.3253713,7/23/2020
0xd8ef8ce57821a08fb67d6890d44a425672dac255,26.721958,56.290878,1/19/2021
0xe0c9e0d44207fd85a1c664cbb2f4a12e5c6160c9,-97.4996835,35.4674683,3/17/2020
0xc37ca85d65b94b6744b66723662a64d5c8027ba5,111.6556388,-7.5450262,1/20/2019
0x654a770f235805d9ea6d822e9303f195159f329b,140.4875299,38.632511,4/24/2021
0xac4cda11369d39112b9a80b90470a3976fbcadbe,139.7492367,35.9227705,1/16/2020
0x03f28fa0cabac1024fee1c2f2e7c6f06a716e0f3,4.615857,52.3739053,1/7/2019
0x00d8d3df64e94b91ddc6dce99e92689a5185a378,113.300129,40.076762,7/14/2019
0xdff4f0de8352ed35e0f2f0a2b2a474805003838c,114.7766667,25.8516667,2/18/2022
0x27a3502a55bc553c6476cc15e3ab918d51ef82af,55.4277802,-4.6210967,10/11/2019
0x4cac2cce1e98b22c12532f4476d18c7810e22250,-113.9749472,50.7254936,3/21/2022
0xe99d66205fb38d7b562c3dae12b7aaf9de9e9124,70.074132,41.0084382,1/17/2021
0x67601fa9e2cef3cced5190e5a9078dec6cc952ea,106.7791791,-6.1078857,2/13/2019
0xa085c964ff78812343ffff300641497b618bec7d,-0.2062549,49.2803655,1/1/2020
0x78daab0aac52edd9f72a8131d83f8c6bf3dc53e5,121.1870788,14.5966665,10/19/2021
0x2e2a83b3999c02274da98785e39e8b7364ef93cc,-102.1943485,17.9567646,7/1/2019
0x5d432ee8c3e387e384f33fae87ef7da47ab1238b,120.3594043,-4.6589357,11/26/2021
0x0cd01a9a08236ae2e74ca5857f09e061c21a8b54,20.7509566,39.162045,9/11/2020
0x05140efae66b402b1916cef885a5f4fad8d96765,13.5516829,46.3376387,12/5/2019
0x942e0b3d875db690519770dc9c83348e8e3a70d5,26.1725258,56.355176,10/10/2020
0xa3d601af289b18dc0192f15605d7d1d865f5d721,100.8512816,13.6224855,9/10/2021
0x4fee4eda4601bd9340f1176c5c3f8695c55b2eb6,-53.8617544,-34.1979128,12/1/2021
0xf44fce7746a97f38e4c5fdc6a1f4c725777f336f,118.386279,24.960385,2/24/2020
0xf5be0c8c138633901dc90e9b28fb177d8f70c5c7,-6.7716551,62.0096447,12/16/2020
0x3a2745b43fbb1bec0c8327892d89c24dbeec36a1,14.5526869,56.8984411,7/27/2020
0x544ba1891ad30d78bd6dac0d30178d5602198753,46.6198608,4.6839135,1/14/2019
0xfd824a312149eb9fb617fa86a33817c675b9ac76,-75.2594359,2.777781,2/28/2021
0x02842f82357d5bc1759e4d7aa7be01fda62b1a3c,118.677372,32.513883,12/28/2020
0x23cae1e690a3afa432c79ff8c4de48a49de6562b,-54.6945328,-31.7790432,4/22/2020
0xc181e4118053ed447d01367d70e12622ee571fd2,120.005147,26.885704,1/11/2021
0xa4be85689afa235e9d3bf334bdfc01acec9c232f,122.489398,11.536819,3/31/2020
0xaf3bd924afc84b969a15390312ed948efd739686,-87.6556468,15.5262669,10/1/2019
0xffa524df78dda3823adaeba22e800e97f0646e18,77.37263,39.816173,5/6/2020
0x79694312bd498b1234a24799a4c9fccab56be540,-40.2509918,-15.2475119,2/18/2022
0x599484f789d679fdb6ecb36cd26e04094886f80c,12.7045118,56.0463429,7/4/2020
0x68174b2ea43d1c983377f338c813329ff4a7f34f,2.511999,43.7441795,1/27/2021
0xc55070dd45f0ab0270a4a625f530e26112c2fd80,110.5066489,-7.7812913,7/31/2021
0x1ce1a52730fef9d0724898098d0aada5d9bf36de,1.9697936,48.8276508,12/24/2019
0xe230c311feef5f5bcc17281055dfeea8e9d63a7c,6.07097,47.278918,2/2/2019
0x332610b5bdab3086f3de87ba940ba7fbcf2a35e4,112.528308,32.990664,12/19/2021
0x565ea5b84b09aff2ae8756508b3bc105a5dfedc4,29.222313,52.0322082,1/12/2020
0xcff3b1e3205c4456e4f809fa732d7a94c71a1f40,124.1839966,7.1849927,6/20/2019
0x06a3a0b08930fb1d2d25b8c0502d144d91adc782,120.3186429,15.8785099,1/28/2021
0x11f9db5f17a2cc4603da5a1b6a8ffa9d1edd46bb,101.356947,36.520625,12/16/2020
0x0909cc2241d676f5dbb3712e846e61c3a24593d4,98.326906,31.598328,8/14/2020
0xe0903bb27d95289b81f90428aa51da9c7189057d,-71.8096941,4.84782,5/22/2020
0x8e5c733f5103fb7031f3603da1063faac9cfcfd2,13.518915,43.6158299,4/28/2021
0xe5e6e8c6a2982025abf327886abb043fbb14de86,-90.1565209,32.3361632,4/28/2020
0xa5875ece37d9f4a87e316d1911cf5f63eab61fea,10.78333,34.75,6/25/2019
0xe1e8ccbcd2a4c896279770e6665895787078738c,100.9128995,18.0461423,6/23/2020
0x503c64def4ba9f5aa72fe1b409b8269bb31afcf8,110.6064632,-7.646682,3/9/2021
0x23bcb8839cb18288632fc625c78eb9c2baab0d4e,-35.825399,-9.5715752,7/12/2020
0x968589609a86d67cf48c182e225c0dae0938f2c0,-49.7728757,-24.7902746,8/24/2021
0x430e01f34f4db6d1f773f89d2ca2239cdfdf9121,-77.14083,-0.69832,7/2/2019
0xc6424c80ae0faf567036c3819343ad5a658fb8fb,117.549211,25.111382,7/9/2019
0xf829d7c64b99ad79b25e88c1fa4c27e830fe2458,116.3957965,-8.7688975,3/2/2022
0x45cc2d1087e4c69beae82764239fa77733f869d6,-79.4422593,43.7543283,2/24/2022
0x6073682603bb31b82e0712503de6cc2962c8a091,37.6861486,55.6116874,4/12/2021
0x77ca50d06b922edce834b40947dc4267637f0d73,-58.4776004,-34.7063243,11/3/2020
0x2c5a34acf7d5629cc2ac5bfb069ef54c3329710d,114.5806885,-8.3568079,6/6/2019
0xdb6339059ac530dafb2f455fa1debeb62ba86419,7.1061441,61.2323264,1/13/2021
0xc49f00cc2a8fd4347e3f77562384a19c6bfd936a,108.708991,34.329605,10/25/2020
0x47c207d84a88c5724fd2c32ce52bdc265382e64e,19.2302203,50.4665752,11/21/2020
0x6974d26a9f7b042ae562f134382f786b0eeffde0,15.1735854,60.1512028,3/11/2021
0x4cfab33922e1674f9642adc2ecffb64a6d87b9a0,35.180832,32.085094,4/7/2019
0xcdcb708a580a5511dbbb3d46297a424a0e9a9786,121.1098151,15.9535593,2/9/2022
0x33af27518c3f80eb2dbe307f8b5e33f0edcfc785,17.6545551,59.8581364,7/29/2019
0x64622f1af3778a5dbf852695b0340f5de0b28825,99.9381257,13.4876832,12/6/2021
0x33cdb45e767f685d0fdff8cbccc670a5bbedfc47,48.1523426,40.7871438,11/11/2019
0x4d791c4559d7a2aff2df46324d844fd41027cf85,108.273158,22.781631,5/19/2021
0x7545113cf09b58f77ae3b2cc9d6aa5dbfbe6136a,112.1579249,-7.1030309,5/12/2020
0x906425533e17ebbbdc0d871d644f12faf2be825e,15.1782064,50.1267742,1/28/2022
0x65d26fc736bd340d6ac01af5b18ddd9d37cadbd1,122.0185,30.051035,7/26/2020
0x68c58d185f382dfeb6dfa3078fb717589a456ccf,121.0852,-8.8714,11/3/2021
0x5cc89086c75edd42c0149cb94ddcbbfde87d7815,112.738604,27.232443,9/13/2020
0x0e1fb99d53236523bff7ce6fba4c8cc6910c2abe,118.476341,24.716803,7/25/2019
0xb986f9eb3414a0edb55471a1b5d67be73b0ef4bf,23.0367512,-27.6923006,11/17/2019
0xc9aeb6365408ea3bb34c54454d279b0f24ba022d,-9.1705519,38.5100219,1/16/2020
0x35a20bb42c46d8195bda4cac1ea57e540d0df0ea,-42.64911,-19.538062,10/29/2019
0x58d1f468ad7a8fbddabe84ee560ff48cc46afab6,119.6237,-9.6099,11/6/2019
0x9f467aa20ae169fd5a03df5d4c5ea34ec2c6c592,138.5178782,35.6940331,4/18/2020
0xf3b8b770a02b7a375b8af21323032181a8598ead,82.9132833,55.1067515,10/26/2021
0x773c4b7a236a8f87747eabe4dc9abaf4e2f34277,97.1574784,4.5475154,12/12/2019
0x677c96c020888f86253d1c8f462fd53984ec6c59,23.2989944,42.3145494,4/10/2020
0xcb80edafa4195728d71aaef35011f8eeec036ddc,14.0921466,50.287503,5/14/2020
0x7c2ae1f671dbe95db57d8980835c93ab4d3de8fd,-7.5293225,40.2466889,8/14/2020
0x8e4931ea1cefb3375ec7d108ea626ef76d856b17,-8.1528902,41.3009465,5/20/2020
0x321821493b6602e609332d2396d985fa8094295a,106.8738909,-6.8497345,2/22/2021
0x9c8f5999cd9f2d01e234e88ebd6f849bc004295b,122.6533918,11.0990419,7/11/2019
0xbc134b680d672678edc45427ecdb627739b10c5e,-7.391141,41.0509739,10/10/2020
0xb1332412abdaa16caadfd5e8a6f4ea266a700fbd,-73.9319061,45.4235609,5/17/2021
0x1e48bd563dfb94448b90fefa4b56ec12b2af9b97,120.379714,28.945479,1/9/2021
0x1f8c409a6723dbfdb2da01eb2c8552f7195f9934,119.671018,32.561794,6/16/2020
0xb931a5aa05ada48c5ad6964891aa1aee32a9fd1b,-75.4636031,9.2718747,6/23/2019
0x4be3f8235b7014c8d66268c4c8d73bff3a4346b9,106.3287199,-6.2690475,2/23/2021
0x702621f6f4d7629ab923607016c9c27804225988,-53.4392535,-24.9288708,8/29/2020
0x4a792390eb14d37f374f5cf0acc934156feb0156,116.3785,39.951705,8/16/2020
0x9626d8738adc3774c7e5bed83b76bcc3450ce73c,7.8803236,33.8761249,3/11/2019
0x89344a0901a11eb8c9e5932e1b1f7d7edcd9ca64,101.6954435,5.9532298,7/10/2020
0xa1f7c846f9127a671ca9c97405f7e412633abadb,21.2944883,45.1181926,12/1/2021
0x9fc80ca289239be416edade54dca611187e8c948,47.5943485,41.7806536,7/19/2019
0x4cc2925f2edcf18fb97459d19ccf62fd69a544a4,140.50321,-2.569886,11/9/2019
0x6f2a5883d0c0bf382432f63a29e4b6ec301457a3,117.5002172,30.6543991,1/20/2019
0x40f2a5363652731cfb67740dac5d37257ea59c43,-8.4776032,41.5047902,3/15/2022
0xb5eded61f257b8d2c8f34001fa4b8c1394ee6af4,-106.4183141,31.674972,9/3/2020
0xd01b4147071d79b54446a5f6e9623e9636f6efeb,120.6344509,27.9676537,5/7/2019
0x71d3ff42924ec31bcaa7e7567fe6d91c75211fcd,20.5118628,40.6021201,3/6/2020
0x2942c4dc5be328dc8338e80ec9a0ec6ea4351c09,17.6188276,59.811981,5/14/2021
0x6ac8acbe33cd8a7ef1578b2c2426fbb66aebbd6c,10.4284178,5.4807517,8/31/2019
0x7b9e8ba9409827215a1be88161b44d2ac0a71dd4,46.0801697,13.932401,10/29/2019
0x002c6b415526f62f23a85beb7590e4f827c9454b,108.5700636,-7.0138053,1/28/2022
0x22c56c73f3ed094c37507f3d4d3b8ee9a881472e,98.558093,31.16384,5/18/2021
0x4b230b4ef4304e2af275d4dc2a5f1030282a3e7a,18.8418011,45.5244621,9/15/2020
0x3e8b6e022c154b109e8bb6a190cd85dd04c32776,-77.5418791,18.2929119,12/8/2020
0x9aa45da5a88c2fa8e8017710e1f6797561cbc480,36.216972,35.0876436,1/27/2021
0x039a07f174f683fd4a1f50ea915a249dc89bbc6d,110.666614,23.883531,12/12/2021
0x94d93ec72517f615eb87a56a0ff1f855514d32fc,120.558665,27.607731,6/27/2020
0x52b9a7603a8208eaabdea3fc36eeb72a52c057ce,17.9325356,59.3763019,2/1/2020
0x900a37258075e02a469a361730b7c6a86c50746e,49.9789212,40.3999248,10/7/2021
0x71b8464168b49dbd22d2909b22ba89fe139ae053,34.8922317,51.3988867,3/21/2022
0xb14e07c3507ed013774b6b517414956a646ba7d6,15.1585599,46.2144039,2/23/2019
0x60a287c499fba53727255e93852b0cdacda31cf7,-73.8066163,5.6763925,1/25/2019
0xb1fe207b98aaf7978931ce0b3086696ce8d034a5,-46.7575221,-23.3711864,4/30/2019
0x08eabac1c475711cfc549b17a63a5da1ee2993c7,13.3236611,52.5170826,10/29/2019
0xe7cca8ce366d464d0277652c408c84275be45db3,121.9757838,10.8847156,10/4/2020
0xdb0888505b9a8cd43f04c68655aa86686d0080c7,-90.0629989,29.9653661,5/14/2019
0xfdec0062c57bf56ec0bcb0ed5ccca30168fb7f74,122.8845373,9.2214675,7/19/2019
0x56a5f8f7f6c64bf351e5d1aeb96169db3a40608f,23.2352639,38.6226736,4/5/2020
0x3016f2d383b8f50c5e614fee3602b706c643906a,3.2885455,7.4368244,1/24/2022
0x565db2c112fbaf78c3826d03eb4dffede20a7c93,121.9944005,10.4373128,9/28/2020
0x62c5fc5f4d66cd989dff9360c6e70542f477952e,117.9041296,28.6517036,5/11/2020
0x01e4836dbc4dc22fc836b5944eabaff2528a998a,121.1174129,14.6055216,9/15/2020
0xf526dbde2d335b8676bec794af6a09153405fd62,-74.881979,10.379923,3/12/2022
0xa5e0d923bf0f87a463c3280eb0c2628b63e34658,-58.5017947,-34.6637851,2/19/2022
0x6ea7bf1cf24fd4e1597d0c37d6ec29d034c0bb96,16.7700322,49.039558,3/4/2022
0xbd9b29b97873b96c0379e698eaefe4fa4c7152a4,116.424811,-8.728187,9/26/2021
0x8cfb9c66b9459eeb58e71e0e9985dcbe34a65d8b,-65.71065,-26.850856,8/3/2021
0x85d7f67e972ba1bcb10d7839134a593ad5f509bd,143.3092266,42.2531168,9/26/2021
0xcd3fbb11021e1667f0cbd1db86f4edec1cef1ea1,125.243313,5.742809,2/25/2022
0x75aebb212af9dd16c9035cf077b6f347797b7d05,116.410316,39.925359,3/14/2021
0x26ba550b38ba0b7fa8823c3dc6275825a457bbb7,39.06949,45.0058742,7/3/2020
0x0a15e058cf31b598decf6bc513b32a27d546846a,42.2051732,55.2571473,1/23/2022
0x61cd72491f20387222be07bfd2c075de2f81f0be,120.8934263,16.8759704,2/14/2020
0xb97430c8033373e64abc0c98aac5be0b8f6a844c,109.763659,20.762634,4/2/2019
0xa1c56b39d00aca7815cd7b4778098c14c9e1d426,113.156269,22.562964,2/16/2021
0xdec0f5da61b5b2e9528ceab43794b69303dd7785,117.023373,23.421724,2/14/2022
0x1a373dc93f32530eeab0b695b36d8eb14f3fd5bf,-4.467102,36.7226027,8/25/2021
0x6be909156d741b660e8c82afd0154883f6e24908,120.1502699,30.2427011,7/18/2020
0x82909f6a469b065fc934cb92cabd591b26527e42,-104.9739333,39.9311729,11/15/2019
0xf388569662030f9d1d53e9d968e1e8e8ad7babfe,10.6365483,5.5028937,7/28/2021
0x780abc7013e1b1caa7ec3d955ff39cc6b508292e,114.0741,-7.7177,1/15/2022
0x60aebf31db1970c55c77e861d65f769dcd2b0cb9,62.5102237,52.8303055,10/22/2020
0x0b9f354252939defb954cddf59c8c6f335a6f176,-72.2896709,7.8209667,3/16/2022
0xebf7a58fd83dcc0f8884f13d1ea07d912d3351f6,112.0574774,-7.837207,10/19/2021
0x8f27f26629b7f2e76d6e3ef483e98383d72da082,121.6432,-8.8559,8/10/2020
0x50a63589120f165628e4113ad3ca1cacc72369b4,9.5678116,47.1792078,10/31/2020
0xf4837bca3a16738d6e60dc98ade371de47e22486,32.9001451,48.5582238,1/29/2020
0x41287661f2d428a685eb18f1d84adeb55e7baee3,123.1998901,45.847435,3/1/2020
0x8c572feffda38423ab907c335d0a4789151eb408,91.767413,28.249827,9/22/2021
0x536c3574d49975dc682e5c70677ca77accbe29ef,127.43402,0.10144,5/20/2019
0xcdddf6eed2f4957af7892dcb14d293914d7bed98,-94.72,39.02,3/14/2022
0x3188d801245efe936e4e49cbdcbcce3d24b6a4db,100.987203,13.369605,8/21/2020
0xa2484d69ae72e4439079afcdd1eef0c334cf50d1,14.0470364,50.0385516,1/29/2021
0xfdfc6e5f31cbeab13bbcd4f4bc8a45c65c223bfe,121.491501,28.761896,11/20/2019
0x160070e587bd0aa53ce22ff95b05c8334fbf03b6,121.0125865,14.5493917,10/17/2020
0x05acaad3a61a29fb41d8c7fb47f75db29735d66e,10.4024274,63.4400274,3/30/2019
0x679304b4f835c39ab20b5494d547c3be04585429,33.9468956,28.5594209,7/14/2021
0xd98adba2461710958d3eea6b202fed7ddc35a4a7,-79.9553924,-3.2581112,8/29/2021
0x8930fc3b9f42f8b2f0a0766de6b7eacb77c3e2aa,46.2407529,43.2608797,11/30/2019
0xf163b3d29f8688800fbab0b586f6a7093a2faaee,17.9291325,59.4013379,2/7/2022
0xb3eb43e4403c724498e5b28756b57294a336ef91,15.865081,50.2997788,10/6/2019
0x4598bef8fb0325194a3a6ee505f194b1fa7be33f,106.792686,29.644609,2/8/2019
0xb2a9aae0846d09c0ea073c8473e8b396a5a75b71,110.2951364,-7.6247732,5/8/2019
0x236694abb54ae804f3b5b160a81ea2cce403772a,126.668787,45.75997,10/12/2020
0x9e02442324fc78280d294184857e3707daad5464,44.2935926,40.1632626,5/25/2019
0xbfe769e29cb06985d0df04eb23a70c3032137115,11.0881494,33.5041035,9/7/2019
0x338a1a9ee8151606768eb83778d9a755016cbba8,-105.4093552,20.8965838,6/7/2019
0x558f0620bf6100f3d5cf443453f4836c83ffc8bf,-6.5890166,5.7866228,8/18/2021
0xa3d80d855012769ca19acd0ede471c418a1813d5,21.1202878,42.0733374,10/29/2020
0x06d8ef2d93920cbfef77d03ded930e66fbf85115,104.5422225,-4.9590869,2/13/2021
0xc790401a8fe63effb5b8cf9c8e50da7fc11749d8,106.630153,26.647661,4/29/2019
0xf8b63a7c30ecb862ad7d606efecc9c8807ee6fe7,105.1054308,-5.1504958,3/2/2019
0x278d1fb7f253eacec675b9989500c5c75b967ed4,46.9537969,-19.4021302,2/22/2020
0xd496c66c52fe7a284303313afa9ed28428360e3a,116.078631,23.353501,6/27/2019
0x0f9176a52c90a8992a5aea0586738bf73b7a5545,118.484422,29.342612,12/10/2020
0xd92c406f7807d227238d4a3ddfc8772f78c98cff,20.4469982,43.9497771,11/30/2021
0xa30d29addd4c42c505e6ba53f03536ee9da24303,113.979421,30.859012,7/20/2020
0x7161169362f6d5b669597ddd61c08796c5a56ad1,6.8954592,52.211713,10/13/2020
0x22a014201ed69574efd9a04f28bf2ee6630ae479,10.7830826,3.6426789,3/29/2020
0x2a0c5a3bcbee79362a55d968a45526f5dacc5b59,172.89648,-40.864985,3/31/2021
0xe56e798bf0ce19d60f2daa7365b1d37306e3aadf,-10.3441758,6.5301553,5/28/2021
0x1f4193c60c0bce35f6d9d108bb64bc77419b81ba,-110.9119181,29.0180288,12/12/2019
0x062fffdc19e39c73bed22c7a73b286605d397f5f,10.5886928,-1.2174907,2/9/2021
0x385b639129610f7a88ac3aa624a10abe5c209f70,10.5915072,35.886399,2/24/2019
0xa8897741fc55806ae36cd6124aa51ec9edca5533,45.4863093,-25.3168473,5/25/2020
0xe5a127d537fedb502683cbf6ffcebf66204bbde9,120.2465683,-9.6665263,3/15/2021
0xd756d25c0d01923762db069c4cc323f765cc79d1,-9.3435691,38.7222088,2/24/2020
0x3c002401da81ac685a1468b0cc9d39a10c640b5d,-117.199996,32.7657318,5/2/2019
0x260976b20f8c4b7dc80bd972ed042140c77e04de,22.72778,41.44056,2/23/2021
0x703ecce1552b451426cd92e5cdc0ca766d274cb1,42.1175494,46.8619132,1/25/2021
0x682502a5319b97d88b639b8fdb51da5be4d03d65,-7.1801971,41.2666415,11/1/2020
0x1e3cce675d76a2df9071f8693226a3f0ca2193ab,114.976639,38.530028,2/13/2020
0xb4ec4e16f382d3ea1cf5157d4f45f0cf115f9f77,15.6532841,62.1865035,3/7/2019
0xb856e879fbcb1c516b9d4aeddf09f5b4303db39a,101.6716295,3.2093353,1/23/2020
0x4ff1c980f5b0e9345fe210fc40b01396bfd09e5f,107.66086,-7.419676,2/27/2019
0x5a978ff792a4c1e749cb634f1c5325b5d3f545e3,120.9869405,14.7008738,11/9/2021
0x59a0971b16abac9f4c2dd623df90f63d0596a4e3,112.525711,-7.2558406,1/28/2019
0xda20f4aaebd93b57aa26b6f1107b60a0e51722cf,121.626963,29.042269,2/5/2019
0x527ef1598f43ff374391f6be3e96a7e668be3748,-85.06,41.01,3/15/2021
0xc1e780bf09e2da37196d6473d79c0609ef4a8700,5.8978018,43.4945737,5/15/2021
0x6a1442cba9184f7f1aefd595da5ca3f929d771ca,111.8210866,-7.935395,12/4/2020
0xe81db4e536bebef28d9467e2ea3557d814f3b2a3,14.4832795,35.8541135,3/18/2019
0x25705ef8e13d80cc0779d351e8711b8ded9bbad7,106.4945,-6.2904222,4/11/2019
0x154b44368203688ea6c165011744651b95e261d0,20.8092134,51.8253953,10/23/2021
0xbb296ab74368301166765f7892bef78b15f17923,19.7483781,44.5209494,6/3/2019
0x40caeb435e2e8f960deee586cb0b0fd95bc973e3,-86.8107363,13.634726,1/3/2020
0x3c2f4d129b8317437d731847524dfe7f527a9e7d,97.527432,0.9996757,7/14/2020
0x86310dd13ddfddadf134105d2a206ea81cf6cc0a,116.931607,39.172378,3/27/2021
0xc0b1e834ed52835d8e220252e9533d77621fcda5,18.3904377,49.5255788,8/29/2020
0xad2cbed04da9fd36222cdb670c84ac132029b2f5,-45.0584384,-22.1147688,3/23/2021
0xa67e3fd86c4514dd35ce0f267da79c42b270986e,19.9186389,49.7371648,8/25/2019
0x5e136b923dc48be2fbb6caf0c7a8c6d0c8729dd6,107.3922752,-6.989299,12/11/2019
0x404c4ffc4a9f3e356d6daba420a7fbc59116faf0,122.3851,11.6576,10/17/2020
0x0e49418cdb9175b9047ae8f20cc88074c9318c0f,20.62333,41.16417,3/4/2022
0xa07c72ffc840f32b33e0e88ca661e1d8cf889c9c,132.311005,-0.754923,3/28/2020
0x48c310ed939f66466e01bd63d55170c1e37885ac,10.03478,37.1691,10/8/2020
0x3d51f5690552e0495df100cc81935dcc5582ad0d,121.781518,41.375722,2/5/2022
0xb838712336dc84a19d805bb1c92a72ce555ada36,99.161761,25.112046,3/4/2019
0xca65dc394dff99a018e5576f9b55863578ad8ca5,109.924422,28.901726,8/10/2019
0x35ce9adb45ba170d9cb344c9feedd437bf3bad02,-66.9094499,9.7912231,12/3/2021
0x38aa735b0e9ccd45674a01fe5c3f0ee5db2ef586,69.9192,33.83003,3/18/2020
0xf37ac90e7ffb9683aa09c6f1b14f02bd24ed6a91,36.0064582,31.8694268,7/22/2019
0xce0ea299b7ccc28e240f48403e14170d9ff0adf2,-68.5247149,-4.4008685,2/10/2020
0x09b80f30e5a9f4fb420ee80265b1e3191529e1da,-99.1843676,18.8478608,1/5/2022
0x05de439362f7bc8d52d907056c2893153071f72d,19.6209662,44.9794968,3/30/2021
0x3bc61f2c037efb2592cb9b690c83afca586baaf8,-62.9764978,17.4867485,10/27/2021
0x1419ac8460b7a670fb177f38858306718efeb57f,102.8054753,30.2638032,7/26/2019
0x3d1c97bc3054a54a2e4c2d5190e0a30e4a635fad,15.8691305,49.4744879,8/28/2021
0x1cf9bfbd1695a79eda3c191630d5f6e69d8c5b18,106.4206269,-6.9034154,4/9/2019
0x6f4a0131b858cf5afcfe57e40a686c5631c13b2a,-73.766129,3.991663,2/15/2022
0x187796bf51ed9d5e7c7ddc6a9b4fb88a9e8cb0bf,-100.5064114,20.1591959,5/27/2020
0x18d490686e928585aff252ca9191a564e525cc0e,103.0472164,15.7734482,3/19/2022
0x6c0b37bb8c21042a977b37bbacedc8b80579b5e1,32.4297369,34.8412176,9/18/2019
0x3011c333556ed07a06e9062d84e74945d967fe43,121.21472,5.98111,1/25/2019
0x3f3728365c23d1044b6d19e977191c50e8344dee,-42.5340796,-22.2887261,10/7/2019
0x40a8a8af0eab7369750bc0acfe0b1707f2c9206a,73.3865836,54.9536614,12/9/2020
0x6af40b6c8f81f2a85c731b2a55eea4bb2590eed1,65.68952,38.64501,7/7/2019
0xf45da4f24209c3fb8e2ec69d12245730f855281a,35.2324593,31.7776563,4/8/2020
0xa7ddf43951bdef40a02d06fe78a3801bb3272201,117.562238,27.568278,2/14/2019
0x56935fadfe2e4ee13b927c98ba370d23eb1e3e2e,24.8993085,48.8277019,12/23/2019
0xa55996c88cd006d693105724a5406889f17412f5,121.1248905,14.5550437,9/27/2020
0xa97b9d25727e9b6ef032fca210429a3e608df7bf,29.623955,59.7457795,12/29/2019
0xb6a6e4518fa2ee386983d57658ca9d8eee08c3bf,110.541691,21.470022,9/8/2019
0x2a4b0528f87024c47bd3bc4b710ad29fc8ba1b33,104.045346,30.643939,1/28/2021
0xdd1020b1df20639dddc4e0314e8520e0bf41a2bb,110.88907,37.429832,11/25/2021
0x5e6835570d49de5c13f167ee25ff7fc32c089b0b,-6.2071246,53.4562426,2/15/2020
0x4abf0ea07d5b8e4c2cbbfdeb82078c4e1aacc24e,-99.1850598,19.3785056,10/21/2020
0x5e665cdc74a9a4eab0b544b1cecd61dae7448a85,-99.0806088,19.3579802,1/5/2020
0x8b97dfcb4d7db68861d4ab96159c1f121380b39f,112.7420274,-8.0034823,4/24/2020
0xb9f662f825e108298cd02946fa9bf2ca2b3572a3,34.9561748,-14.9876054,5/22/2020
0x5a8bb963d6bc2b8a7bd21b280bbc3fe5388f1a9f,97.61861,48.64278,3/9/2019
0x65596a9e62c0a3f04bb5dce221fbcc23ea083651,113.454975,22.884636,2/20/2021
0x16f68adcb01fd9f9bc32c498b418f80bcc3fa971,106.5495683,-6.3413734,6/8/2020
0x88a6f4dbc56724cc0a58daab271d91842f5b16e2,-47.8032284,-6.0768719,2/20/2021
0x18809c71c374695bd7945bc7a035a0d02d790cb5,24.4447587,36.7252955,11/1/2019
0x1cb5b7edf53ad190a1c3c37ddda79eb12db3bf23,117.166453,39.073815,2/26/2020
0xc55299f7a0e9d0555f6c436ccc6899a885ad3fef,23.0367512,-27.6923006,12/7/2019
0xf4be39aa243b82d73656c3af75a5877ec524a2ba,-74.562548,-8.334487,7/19/2019
0xf4146b6b6cd3398f76812c9e05473f9ca3d5ebb2,111.6180705,21.744605,4/16/2019
0x041d29c7ba906bf260e8541a674edf0fcea6715f,27.8863851,-33.0320432,10/16/2021
0x8419963708e60490d66f1209a09be56a2be3ba84,15.2977085,60.9366185,11/9/2020
0x82e8b3cb6b49cf67723c8eec9de35487ce5199a6,35.030814,-15.7874406,10/31/2021
0x9e472d39d2eb3491c4621b0f6ff6f5f97aa86d35,-72.4169377,18.7338573,3/8/2021
0xeab4af1d6ae4e27a9d793bcf3796ba70cd9a0439,-67.4324153,48.465994,1/11/2021
0xb4309ebe3a87aacd6dcc70ff7ad1dcc616935f18,38.6005328,7.1972968,1/2/2020
0x628a86b443ae90ed6abcd9cf81185c72f3614c23,12.568064,55.675114,9/30/2020
0xd5b8fe16947fb03e4d1d98a5ec70b3700a59e27e,0.9104334,14.7328144,2/14/2022
0x395e4192ae23d8b1733e10ed43f6884b75cc4aa6,17.7458559,43.3564826,3/28/2020
0x79d743b3cd35f4a1d9485af34b26b72f13b27b53,35.7932432,31.7193405,7/19/2021
0x4ef0b68c73fe291c3b7444779674b8d480c7e506,144.835735,13.514118,6/8/2021
0xa6d9d0891deffac0cf51356c3300cb73e9ac5b9d,5.449605,45.5423201,12/10/2021
0xdc31749b560dc2992c2a39865af972d72b334d13,121.1217909,14.628828,6/14/2019
0x3178421e1b1dc03c74eaaf780ecfc5771b4ce41e,105.324979,29.55451,7/20/2019
0x441243f217644f641af21b88f1f7fd316c9877f4,16.2852974,50.322121,6/3/2021
0x92f2a05ad850241a086a0c498b980061370d6abd,20.3244146,60.2267401,8/8/2019
0xa97d57bf26578f936b0ff3833753122723be5297,118.315329,29.696108,6/16/2020
0x0b90abc0a80a25a98c9c6d5726b1b2a344c0c8e3,31.9693094,52.9563074,3/14/2021
0xb61a950582f8ea41815789b91d231375f47a8aa7,-117.1343318,32.6969212,7/11/2021
0xe9fc294050a566c8b83ac4e48bd26823cdc78c0d,33.1773203,35.0211643,7/21/2020
0x84e09bd28c01ffe724a9175fc25dd2b921488655,12.0775411,32.9234588,4/25/2020
0xe524ecba09cd7f69a62b48fde0b667b69178697a,117.238073,39.585229,7/27/2020
0xbb568b7a2e0b6282e4dfcbe88c06d2d59351cb81,18.6875465,53.2954476,3/27/2020
0x3d0f4669618eb18ae54e57ffaf7e9061caf52dab,30.9358078,50.7249071,10/5/2021
0x5a292642c987d5bedb4c006d211ee23c5e27d8f5,-95.624767,39.1228935,6/16/2019
0xbf9b64fe70a0942262ca8569bf46e0e5ee7f7790,-76.2356005,-10.4152155,8/7/2021
0x0ab428a51731a07a2bb10aa788a778683798d116,21.025291,51.8139074,1/22/2021
0x5269c5975cb6f117b76c68c4a1ef76f8d4f21252,2.2166408,48.9003986,7/5/2020
0xdac0a464274eaa6afadf77e966d79af8cc1deb2a,-9.3199202,38.8066531,3/3/2022
0x922df343719d6da44049302c3895276feb3493b0,17.9575718,59.3370396,11/3/2020
0xaf9d7e0c799705c8fe06d56703f9e52de18f1e9f,120.764679,37.035213,6/8/2021
0x8452ff308c13e2f1cc16f51dc5387778f9bdb669,117.1884772,34.2582539,6/12/2021
0xbb12eb3775453ee240fcecc02d9e50612bfcb335,-75.9869609,20.2218201,8/18/2019
0xde0045431320c751ebb35a727e7fd88dc7c57696,98.9366407,45.0152528,8/10/2019
0x54a4e2db9743ef5b2c00eb7d4b60198873f2c346,118.670339,31.9339724,9/24/2021
0xac7d898aedda35e384bee39159af835b01937e3b,-95.9673967,41.2418116,11/4/2019
0xe903233ea4177c336dd0d101adf592ee676530c6,44.6830668,43.7454199,3/7/2021
0xde407266a410ce83073fdef8f38712633f386cdb,-68.7990117,-32.8976518,8/5/2020
0xb51f487a97ea32133b1b6d3866ffa5f1ab773ff3,111.5259628,-6.7659245,10/16/2020
0xbd5e4bd3311c446b37e8714ffd81191527d8fa5a,16.1610343,9.316446,4/18/2020
0xb627db1dd87203feed22ce258d81868c1e7cb752,45.4045219,43.1795227,9/30/2021
0x2bd521f12d5d9d80e14c3b8a85986b55d0ee8e05,98.289419,39.772554,8/24/2020
0xaff129cf281c1e7b34a86b1fa1e293170e6f7421,135.3372233,34.7173896,5/4/2020
0x8668206adb40e663aebfa5ef9c409ce142c4e268,16.6855513,49.075615,8/17/2021
0xf4df4b71d540949c2d911ed3edd81b66bf93f1f4,117.32162,39.293263,9/30/2019
0x12437058fb80c3ba2bd814606b4486e3bea002ce,-40.1526661,-4.3253636,7/23/2021
